"Country","year","Cab_left_right","Opp_left_right","left_right_ls_spread","Cab_liberty_authority","Opp_liberty_authority","liberty_authority_ls_spread","Cab_eu_anti_pro","Opp_eu_anti_pro","eu_anti_pro_ls_spread","CabinetChecksum","OppositionChecksum","UnlabeledParliamentShare"
"Austria",2000,7.18196695569131,3.83938162453495,14.273292956582,7.81124823421047,3.47716934160828,22.5170520473212,5.71250207023522,7.65628036651991,9.6957137666209,1,1,0
"Austria",2001,7.41135,3.50443164556962,15.264011028185,8.06735,3.11405316455696,24.53514954001,5.4133,8.13671518987342,7.41699029643327,1,1,0
"Austria",2002,7.35138685121433,3.50179278163887,14.8484162863004,8.03874117612172,3.10979862296225,24.2997166884999,5.63267160492793,8.13304461312365,6.69152829847651,1,1,0
"Austria",2003,6.82144226804124,3.47847093023256,11.1754573654104,7.78590103092783,3.0721976744186,22.2189993331664,7.57144226804124,8.10060465116279,0.280012827710881,1,1,0
"Austria",2004,6.82144226804124,3.47847093023256,11.1754573654104,7.78590103092784,3.0721976744186,22.2189993331664,7.57144226804124,8.10060465116279,0.280012827710881,1,1,0
"Austria",2005,6.79372377009194,3.71410474221282,9.50819897639893,7.78106905622825,3.33549132498942,19.7881902051479,7.89554704034307,7.80458967451102,0.142153091437449,1,1,0
"Austria",2006,6.78407362637363,3.7961402173913,8.92774605651273,7.77938681318681,3.42715652173913,18.9419085097948,8.00838351648352,7.70153260869565,0.0941574796102369,1,1,0
"Austria",2007,5.12761500369206,5.83656099597467,0.88867552352683,5.57942637111558,5.46626937168218,0.520424338646708,8.62687621631019,4.17087883761292,20.3422238291431,1,1,0
"Austria",2008,5.07639336421763,5.97519088240124,0.892376436681688,5.51059315839157,5.61843234362355,0.130402151089187,8.64370923282963,4.01629475784902,21.4470128496126,1,1,0
"Austria",2009,5.02507777777778,6.913568,3.56639531942894,5.43311111111111,6.71403466666667,1.64076515517709,8.63631111111111,3.38081333333333,27.6202568922272,1,1,0
"Austria",2010,5.02507777777778,6.913568,3.56639531942894,5.43311111111111,6.71403466666667,1.64076515517709,8.63631111111111,3.38081333333333,27.6202568922272,1,1,0
"Austria",2011,5.02507777777778,6.913568,3.56639531942894,5.43311111111111,6.71403466666667,1.64076515517709,8.63631111111111,3.38081333333333,27.6202568922272,1,1,0
"Austria",2012,5.02507777777778,6.913568,3.56639531942894,5.43311111111111,6.71403466666667,1.64076515517709,8.63631111111111,3.38081333333333,27.6202568922272,1,1,0
"Austria",2013,5.02536332556188,6.88034875370049,3.46708942928316,5.43354226329008,6.65563410181343,1.57403837249135,8.63635227827707,3.44542267366532,27.0427500336215,1,1,0
"Austria",2014,5.03200707070707,6.10744761904762,1.15657237301502,5.44357373737374,5.29684761904762,0.0215285537990502,8.6373101010101,4.94866666666667,13.6060903857249,1,1,0
"Belgium",2000,4.65825957446808,6.940825,5.21010492183369,3.11717340425532,7.59751428571429,20.0734544140725,8.28303191489362,6.74842678571429,2.35501290250351,1,1,0
"Belgium",2001,4.65825957446808,6.940825,5.21010492183369,3.11717340425532,7.59751428571429,20.0734544140725,8.28303191489362,6.74842678571429,2.35501290250351,1,1,0
"Belgium",2002,4.65825957446808,6.940825,5.21010492183369,3.11717340425532,7.59751428571429,20.0734544140725,8.28303191489362,6.74842678571429,2.35501290250351,1,1,0
"Belgium",2003,4.81388879348557,6.9219851959173,4.47804935167265,3.32010680548364,7.54357699411093,17.9113553767843,8.25575881902163,6.63472847653095,2.63607721404578,1,1,0
"Belgium",2004,4.98761443298969,6.90095471698113,3.66087104234445,3.54663711340206,7.4833679245283,15.4978494792707,8.22531443298969,6.50780943396226,2.9498234216842,1,1,0
"Belgium",2005,4.98761443298969,6.90095471698113,3.66087104234445,3.54663711340206,7.4833679245283,15.4978494792707,8.22531443298969,6.50780943396226,2.9498234216842,1,1,0
"Belgium",2006,4.98761443298969,6.90095471698113,3.66087104234445,3.54663711340206,7.4833679245283,15.4978494792707,8.22531443298969,6.50780943396226,2.9498234216842,1,1,0
"Belgium",2007,5.07966575353358,6.57571809037821,2.41454114164254,3.61790983741217,6.88160386777719,11.2246211387146,8.24232931511273,6.70764549149555,2.41703389140805,1,1,0
"Belgium",2008,5.73751723563356,5.73323694226732,0.000176121794467643,5.04429653436923,5.03610179060315,0.000291419094428224,8.39864193725391,5.89755392367725,6.2554626873457,1,1,0
"Belgium",2009,5.59747021276596,5.83285535714286,0.0554061661933339,4.88626276595745,5.16378214285714,0.0770170045547951,8.55265957446809,5.96323928571429,6.70509743180981,1,1,0
"Belgium",2010,5.22107629635381,5.87675005345759,0.573155490953883,4.87447418209113,5.02323143352758,0.0355739370172816,8.49638138717404,6.37212696708273,4.68792860019927,1,1,0
"Belgium",2011,4.91594079282131,5.93776564445716,1.05281939666401,4.83818290445219,4.95984244565116,0.0958706913575457,8.44873087430069,6.66012274114631,3.22256038124056,1,1,0
"Belgium",2012,4.91728817204301,6.28245263157895,1.86367400158005,4.47570537634409,5.64584210526316,1.36921996436542,8.42144838709677,6.06904561403509,5.53379880670831,1,1,0
"Belgium",2013,4.91728817204301,6.28245263157895,1.86367400158005,4.47570537634409,5.64584210526316,1.36921996436542,8.42144838709677,6.06904561403509,5.53379880670831,1,1,0
"Belgium",2014,5.33601194552021,5.46038987242458,2.54669100907447,4.71746268237932,4.9827754413977,1.35604190364489,8.28146362203958,6.56238110227044,3.71870104152927,1.000000001,1.000000001,0
"Bulgaria",2000,6.81447810218978,3.96540194174757,8.11723496800012,4.05736131386861,4.97326990291262,0.838888543484586,9.66142846715328,8.48487378640777,1.38428091678418,1,1,0
"Bulgaria",2001,6.27266963026224,4.41630618358815,4.70257037230373,4.18106501516768,4.88097277599893,0.549357729746133,9.50104185996737,8.8027993950979,0.779240323443235,1,1,0
"Bulgaria",2002,5.58186382978723,4.99120909090909,0.348873020559207,4.33878723404255,4.76329393939394,0.180205942888289,9.29654893617021,9.20815454545455,0.007813568309994,1,1,0
"Bulgaria",2003,5.58186382978723,4.99120909090909,0.348873020559207,4.33878723404255,4.76329393939394,0.180205942888289,9.29654893617021,9.20815454545455,0.007813568309994,1,1,0
"Bulgaria",2004,5.58186382978723,4.99120909090909,0.348873020559207,4.33878723404255,4.76329393939394,0.180205942888289,9.29654893617021,9.20815454545455,0.007813568309994,1,1,0
"Bulgaria",2005,5.04074166486888,5.56141637433729,2.34163241852289,4.69631220697251,5.17616755539311,0.235396976591039,9.16186575850552,8.43428027247401,1.21432827400406,1,1,0
"Bulgaria",2006,4.13356627218935,6.51735211267606,5.68243493330491,5.29569230769231,5.86833802816901,0.327923121180286,8.93607337278107,7.13690281690141,3.23701468914431,1,1,0
"Bulgaria",2007,4.13356627218935,6.51735211267606,5.68243493330491,5.29569230769231,5.86833802816901,0.327923121180286,8.93607337278107,7.13690281690141,3.23701468914431,1,1,0
"Bulgaria",2008,4.13356627218935,6.51735211267606,5.68243493330491,5.29569230769231,5.86833802816901,0.327923121180286,8.93607337278107,7.13690281690141,3.23701468914431,1,1,0
"Bulgaria",2009,5.54244015924255,5.80283354422185,6.01252238293146,5.98766018545662,6.28831053910485,0.187933095608431,8.44606370411391,7.11981894728809,2.05381288763327,1,1,0
"Bulgaria",2010,7.4,4.86076129032258,6.44773322472425,6.9,6.84203225806452,0.0033602591050989,7.8,7.09729435483871,0.493795223741546,1,1,0
"Bulgaria",2011,7.4,4.86076129032258,6.44773322472425,6.9,6.84203225806452,0.0033602591050989,7.8,7.09729435483871,0.493795223741546,1,1,0
"Bulgaria",2012,7.4,4.86076129032258,6.44773322472425,6.9,6.84203225806452,0.0033602591050989,7.8,7.09729435483871,0.493795223741546,1,1,0
"Bulgaria",2013,3.46311340480294,6.40653481180855,16.8941795643091,4.8395010961282,7.14053884685252,11.2284142430437,6.71430593007928,6.97574325929169,14.1214867162186,0.788461538,1,0
"Bulgaria",2014,3.0608085042504,6.27573495595289,15.3609235070509,4.47161135680786,7.06728222671323,12.5368077195736,6.35416903075386,7.07876764137587,17.9550599116165,0.741758241,0.999999999,0
"Croatia",2000,4.43709704679183,6.75092230250208,5.76440227198114,3.85539421886772,6.4761073952544,7.39489736749304,6.84966652019393,6.25570731474249,0.379844989130297,0.928767123,0.928767123,0.0430554295430464
"Croatia",2001,4.81257319077429,7.10725472368614,5.29390932796119,4.1927611583591,6.78697202794725,6.76788493898708,7.32741701563477,6.83934239683271,0.255034927641295,1,1,0.0463576158940397
"Croatia",2002,4.47053795764948,7.01510439054139,6.6865705006756,4.01977912110608,6.50617962293501,6.18693808289107,7.63693664909635,6.68057024878132,1.372331671829,1,1,0.0463576158940397
"Croatia",2003,4.03788904487028,6.98851509957347,9.47333416933228,3.81227820801596,6.25307851662366,6.66496425422514,8.0845949112206,6.39076932032402,2.99197639050529,1,1,0.046495505192053
"Croatia",2004,7.1053,4.21317564102564,8.36438330777284,6.9298,3.75972820512821,10.0493551846417,7.1053,7.7503717948718,0.41611762053912,1,1,0.0526315789473684
"Croatia",2005,7.1053,4.21317564102564,8.36438330777284,6.9298,3.75972820512821,10.0493551846417,7.1053,7.7503717948718,0.41611762053912,1,1,0.0526315789473684
"Croatia",2006,7.1053,4.21317564102564,8.36438330777284,6.9298,3.75972820512821,10.0493551846417,7.1053,7.75037179487179,0.41611762053912,1,1,0.0526315789473684
"Croatia",2007,7.1053,4.21317564102564,8.36438330777284,6.9298,3.75972820512821,10.0493551846417,7.1053,7.7503717948718,0.41611762053912,1,1,0.0526315789473684
"Croatia",2008,6.89742560747855,3.50350951842278,11.5264905560364,6.83491464860955,2.74438541076708,16.7587561712131,7.02576745416493,8.42718048918561,1.98173412388453,1,1,0.0332810268964568
"Croatia",2009,6.89096623376623,3.48145774647887,11.6247481248845,6.83196623376623,2.71283521126761,16.9672403805106,7.0232961038961,8.44821126760563,2.03038322376936,1,1,0.0326797385620915
"Croatia",2010,6.88711613301003,3.5300659319435,11.2727909699564,6.84860989125084,2.74968173190715,16.8016577426971,7.04796963664793,8.40420035683215,1.84451311711125,1,1,0.0326797385620915
"Croatia",2011,6.79791356292342,3.65244825868246,10.9534690619447,6.76579040263912,2.87798147078445,16.7056291536328,7.11323521282554,8.30494628828881,1.7767858821047,1,1,0.0338536501384236
"Croatia",2012,3.01548311688312,6.73649508196721,13.845930044299,2.27157532467532,6.79687540983607,20.4783408607558,8.81861818181818,6.02671639344262,7.79471559593465,1,1,0.0860927152317881
"Croatia",2013,3.01548311688312,6.73649508196721,13.845930044299,2.27157532467532,6.79687540983607,20.4783408607558,8.81861818181818,6.02671639344262,7.79471559593465,1,1,0.0860927152317881
"Croatia",2014,3.01548311688312,6.73649508196721,13.845930044299,2.27157532467532,6.79687540983607,20.4783408607558,8.81861818181818,6.02671639344262,7.79471559593465,1,1,0.0860927152317881
"Cyprus",2000,6.8985,1.62904761904762,27.7671283951247,5.43232857142857,6.0087619047619,0.332275387777778,8.96617142857143,6.52254285714286,5.97132059510204,1,1,0
"Cyprus",2001,6.96569296017593,1.92737415952075,25.420434863917,5.41966341738409,6.05144893708188,0.401204888872155,8.97707731063759,6.52676689233455,6.00405104729825,1,1,0
"Cyprus",2002,7.01069375,2.12717083333333,23.8487960776085,5.41118125,6.0800375,0.447368683164063,8.98438125,6.52959583333333,6.02597144187934,1,1,0
"Cyprus",2003,3.16509775381128,7.46627034278308,34.4896301380699,6.00404526435113,5.25385349046788,0.944468883092353,7.32087738131891,8.82663884967267,5.24046803139613,1,1,0
"Cyprus",2004,2.43619393939394,8.47825652173913,36.5065202489758,6.11641818181818,5.09725652173913,1.03869048937509,7.00557272727273,9.26202608695652,5.09158176442828,1,1,0
"Cyprus",2005,2.43619393939394,8.47825652173913,36.5065202489758,6.11641818181818,5.09725652173913,1.03869048937509,7.00557272727273,9.26202608695652,5.09158176442828,1,1,0
"Cyprus",2006,2.59929450147492,8.29877278819366,32.5574052406538,6.10811921020675,4.93361614482712,1.39453929573614,7.10501937468075,9.28054429916751,4.73700207933441,1,1,0
"Cyprus",2007,2.70123235294118,8.18659545454545,30.0892083564417,6.10293235294118,4.83134090909091,1.61694480007321,7.16717352941177,9.29211818181818,4.51538977579062,1,1,0
"Cyprus",2008,2.70123235294118,8.18659545454545,30.0892083564417,6.10293235294118,4.83134090909091,1.61694480007321,7.16717352941177,9.29211818181818,4.51538977579062,1,1,0
"Cyprus",2009,2.70123235294118,8.18659545454545,30.0892083564417,6.10293235294118,4.83134090909091,1.61694480007321,7.16717352941177,9.29211818181818,4.51538977579062,1,1,0
"Cyprus",2010,2.61652537839088,7.4292099143094,23.251240952784,6.12911510932769,4.99988321859995,1.27916457929763,6.92978131315565,9.21845073816528,5.24329835563101,1,1,0
"Cyprus",2011,1.922075845887,7.14229177333033,27.5127831546933,6.15614826640874,5.16088644918145,1.00272350027942,6.57686032255662,9.10475495148844,6.42942064047045,1,1,0
"Cyprus",2012,1.0526,6.86771351351351,33.8155451750475,6.1842,5.32076756756757,0.745515565376187,6.1842,8.94296486486486,7.61078357961285,1,1,0
"Cyprus",2013,6.47319593854243,2.50033698636443,33.5713968571333,5.36155753318637,5.99129641547716,0.810528562059864,8.5675173951644,7.10449632313162,5.44967548931582,1,1,0
"Cyprus",2014,8.25018172775947,2.42038315172669,33.9869386687419,4.9319143180084,6.10237340142542,1.38709298455836,9.33285261826979,7.0313770277296,5.29752510930396,1,1,0
"Czech Republic",2000,3.0463,5.83566587301587,7.7805619735456,4.2463,4.84307063492063,0.356135190703577,8.5647,5.46211111111111,9.62605781345679,1,1,0
"Czech Republic",2001,3.0463,5.83566587301587,7.7805619735456,4.2463,4.84307063492063,0.356135190703577,8.5647,5.46211111111111,9.62605781345679,1,1,0
"Czech Republic",2002,3.49847797001877,5.27338997921635,4.33775492077614,4.53976212853228,4.92057871310423,0.198832215603015,8.58943539602438,4.61227409864708,16.7003622529342,1,1,0
"Czech Republic",2003,4.02022178217822,4.6246101010101,0.365285239940431,4.87837227722772,5.01001111111111,0.0173287825861784,8.61797623762376,3.63169292929293,24.8630212309387,1,1,0
"Czech Republic",2004,4.02022178217822,4.6246101010101,0.365285239940431,4.87837227722772,5.01001111111111,0.0173287825861784,8.61797623762376,3.63169292929293,24.8630212309387,1,1,0
"Czech Republic",2005,4.02022178217822,4.6246101010101,0.365285239940431,4.87837227722772,5.01001111111111,0.0173287825861784,8.61797623762376,3.63169292929293,24.8630212309387,1,1,0
"Czech Republic",2006,5.27861880247182,3.97578972173065,7.7244260574974,4.55105056881585,5.00727901109433,0.382716362262058,7.05151814974347,4.96867465466571,18.3061315294451,1,1,0
"Czech Republic",2007,6.97597687912959,2.45913366978553,20.4019378154211,4.37885197801366,4.81731903518747,0.199189871261753,5.16344730767641,6.98344018783348,3.33090024928665,1,1,0
"Czech Republic",2008,6.967264,2.44921,20.412811946916,4.38717,4.813152,0.181460664324,5.179345,6.978934,3.238520568921,1,1,0
"Czech Republic",2009,1.87580184454602,4.11230502383521,21.8108042837819,1.18116115283373,4.66011675830443,15.5370549876454,1.39443903726631,6.30304468199324,27.6555615544431,0.269230769,1,0.00730769231
"Czech Republic",2010,3.62748543963845,3.49513359158519,22.5968193881792,2.50887419915993,4.77432779483756,10.3646776341815,3.32215608127837,6.34877445597043,17.9314532627251,0.510989011,1,0.012554945055
"Czech Republic",2011,7.09895,2.31814146341463,22.8561302634875,4.90983983050848,4.93758292682927,0.000769679393464809,6.50142372881356,6.63083902439024,0.0167483187292007,1,1,0.015
"Czech Republic",2012,7.21545550932589,2.74134397607185,20.0620505323853,5.06765149813856,4.86619627486543,0.0653673874261601,6.26777431712424,6.74434108023901,0.283971341528753,1,1,0.0285890411
"Czech Republic",2013,3.79499934734726,4.00745581403484,22.5706642325585,2.68406473735597,4.90877725947171,11.9625999422013,3.21410292691152,6.64015401996688,20.2115692124713,0.521978022,1,0.035
"Czech Republic",2014,4.4413288979247,4.79771458848996,1.1932137564397,4.19954452015144,6.11177660344706,4.09273600588549,8.27007306169283,5.12895200723806,14.1118635419792,0.956043956,1,0.02543956044
"Denmark",2000,3.90835,6.32668571428571,5.84834762698979,4.08401,5.21397333333333,1.27681713467778,7.47393,6.40888190476191,1.13432744517029,1,1,0.0223463687150838
"Denmark",2001,4.22288165308752,6.16305360685888,5.98342580958682,4.2005068065747,5.15926138548752,1.20371341468096,7.59307976138611,6.31041274798327,2.1048857832803,1,1,0.0218245441731844
"Denmark",2002,7.27568888888889,4.57485961538462,7.29447876461763,5.33121111111111,4.62823365384615,0.494177305422705,8.74953333333333,5.35468269230769,11.5250108748722,1,1,0.0167597765363128
"Denmark",2003,7.27568888888889,4.57485961538462,7.29447876461763,5.33121111111111,4.62823365384615,0.494177305422705,8.74953333333333,5.35468269230769,11.5250108748722,1,1,0.0167597765363128
"Denmark",2004,7.27568888888889,4.57485961538462,7.29447876461763,5.33121111111111,4.62823365384615,0.494177305422705,8.74953333333333,5.35468269230769,11.5250108748722,1,1,0.0167597765363128
"Denmark",2005,7.27346371533262,4.60878457710134,7.1007134158944,5.37698177916626,4.44366007754123,0.879148913302088,8.71170841444845,5.29291785037382,11.6882159771955,1,1,0.0216096752402235
"Denmark",2006,7.27312571428571,4.61393773584906,7.07128070466204,5.38393428571429,4.41562358490566,0.937625613300492,8.70596285714286,5.2835358490566,11.7130066256782,1,1,0.0223463687150838
"Denmark",2007,7.27294098999285,4.60823910940446,7.10089693915245,5.38773396878466,4.41320128857068,0.950046061833726,8.70282279583215,5.26615266197607,11.8124419911019,1,1,0.0217631530502793
"Denmark",2008,7.27135625,4.55935089285714,7.35497305717156,5.42033125,4.39242053571429,1.05660043654337,8.675884375,5.11702321428571,12.6654927612406,1,1,0.0167597765363128
"Denmark",2009,7.27159182956474,4.54972374556838,7.40859973222546,5.41548550031541,4.39838414190975,1.03453585165729,8.67988890664754,5.09241169729564,12.8702778185616,1,1,0.0167597765363128
"Denmark",2010,7.27167384615385,4.54637207207207,7.42726975981326,5.41379846153846,4.40046036036036,1.02685410729924,8.68128307692308,5.08384324324324,12.9415733569464,1,1,0.0167597765363128
"Denmark",2011,6.38649589094887,5.02567648815124,7.52001308565432,4.91964945610448,4.59758998986936,1.55855925075894,8.19829443309409,5.35638264791582,9.81430038807163,1,1,0.0126158757486034
"Denmark",2012,3.69162077922078,6.48489215686275,7.80236498915385,3.41524025974026,5.19774019607843,3.17730602304559,6.72786233766234,6.1861137254902,0.293491558790441,1,1,0
"Denmark",2013,3.69162077922078,6.48489215686275,7.80236498915385,3.41524025974026,5.19774019607843,3.17730602304559,6.72786233766234,6.1861137254902,0.293491558790441,1,1,0
"Denmark",2014,4.0629706460765,5.94851160056468,3.63741320860294,3.71759221493164,4.82165660340801,1.264846597523,7.47588592503568,5.86622140184872,2.70471977184255,1,1,0
"Estonia",2000,6.61328113207547,4.2826375,5.43189973973394,5.31508867924528,5.22662916666667,0.00782508536564622,8.30559622641509,5.70653958333333,6.75509543394743,1,1,0
"Estonia",2001,6.61328113207547,4.2826375,5.43189973973394,5.31508867924528,5.22662916666667,0.00782508536564622,8.30559622641509,5.70653958333333,6.75509543394743,1,1,0
"Estonia",2002,5.58092413776606,5.42068814144989,0.403088247866012,5.11954094236747,5.40060155909897,0.0899348874633292,6.54572469586786,7.48468461478574,1.88453638614512,1,1,0
"Estonia",2003,6.92510599713004,4.85938808364339,5.88249262012997,5.77404805599984,5.21122583490295,0.601807345446012,7.8214524247064,6.45589950955023,4.3668607445948,1,1,0
"Estonia",2004,7.45817166666667,4.61563170731707,8.08003342049919,6.024415,5.13527073170732,0.790577529837729,8.35072,6.01833902439024,5.44000101538632,1,1,0
"Estonia",2005,5.93319730722667,6.84730150161951,6.32971731336651,5.6513673075784,5.68119418403161,0.329667552190428,6.9226856405896,8.10814540401522,6.22314214870375,1,1,0
"Estonia",2006,5.339505,7.71611951219512,5.64829653957646,5.506135,5.89372926829268,0.15022931681334,6.36673333333333,8.92173414634146,6.5280291544722,1,1,0
"Estonia",2007,6.91915829721815,5.16862681503676,8.99448417201788,5.26944365376901,5.08119281667433,0.150883462808058,8.06901039432771,6.30798253734162,9.58655883504378,1,1,0
"Estonia",2008,7.46911166666667,4.28172195121951,10.1594531981383,5.18704,4.79830975609756,0.15111120252445,8.661655,5.39800975609756,10.651380278047,1,1,0
"Estonia",2009,7.8725100253889,4.27083544127524,13.0793297802784,5.43483569215282,4.60227841310122,0.816265646307675,8.76792638454896,5.68762547162122,9.50926317903049,1,1,0
"Estonia",2010,8.124634,4.26403137254902,14.9042526470814,5.589708,4.47975882352941,1.23198717434774,8.834346,5.86863529411765,8.79543999098521,1,1,0
"Estonia",2011,8.13828759694323,4.10938777198149,16.2418947291526,5.60865398901716,4.29140749832258,1.75009900089328,8.85010470683402,6.10573438921755,7.54862476368505,1,1,0
"Estonia",2012,8.14304107142857,4.05554888888889,16.707592342323,5.61525,4.22583333333333,1.93047867361111,8.85559107142857,6.18828,7.11454835176544,1,1,0
"Estonia",2013,8.14304107142857,4.05554888888889,16.707592342323,5.61525,4.22583333333333,1.93047867361111,8.85559107142857,6.18828,7.11454835176544,1,1,0
"Estonia",2014,6.91224320620187,5.61837313401572,4.01539711537952,4.76228254463459,5.21827080033021,1.22958108890418,8.41971184501665,6.81833777061161,2.90526543110678,1,1,0
"Finland",2000,4.81225323741007,6.06077833333333,1.55881491515019,4.36914748201439,7.40749,9.23152525659915,8.13924388489209,5.057985,9.49415631572643,1,1,0.005
"Finland",2001,4.81225323741007,6.06077833333333,1.55881491515019,4.36914748201439,7.40749,9.23152525659915,8.13924388489209,5.057985,9.49415631572643,1,1,0.005
"Finland",2002,4.8711513984951,5.84087386043763,0.994845934985409,4.47535068800258,6.93927772396651,6.30221200808659,8.19827293506051,5.23222280802791,8.80675690131499,1,1,0.005
"Finland",2003,4.84573742611833,5.52085908868185,0.459830551793935,5.31271247506132,5.3483193909528,1.68717315250483,7.46553528272716,6.55379741486822,2.43150972180627,1,1,0.005
"Finland",2004,4.81833448275862,5.45270843373494,0.402430309677304,5.62616034482759,4.82950602409639,0.634658106739691,7.14748879310345,7.04659277108434,0.010180007259281,1,1,0.005
"Finland",2005,4.81833448275862,5.45270843373494,0.402430309677304,5.62616034482759,4.82950602409639,0.634658106739691,7.14748879310345,7.04659277108434,0.010180007259281,1,1,0.005
"Finland",2006,4.81833448275862,5.45270843373494,0.402430309677304,5.62616034482759,4.82950602409639,0.634658106739691,7.14748879310345,7.04659277108434,0.010180007259281,1,1,0.005
"Finland",2007,5.76420547470517,4.28651396702041,4.06548084370118,5.69861822975344,4.71955845507231,0.97259456179407,7.28237941767708,6.87786557129579,0.202521485536696,1,1,0.005
"Finland",2008,6.1632448,3.79452567567568,5.61083028993979,5.7291864,4.67317432432432,1.11516150397285,7.3392864,6.80668378378378,0.283665546800357,1,1,0.005
"Finland",2009,6.1632448,3.79452567567568,5.61083028993979,5.7291864,4.67317432432432,1.11516150397285,7.3392864,6.80668378378378,0.283665546800357,1,1,0.005
"Finland",2010,6.1632448,3.79452567567568,5.61083028993979,5.7291864,4.67317432432432,1.11516150397285,7.3392864,6.80668378378378,0.283665546800357,1,1,0.005
"Finland",2011,5.59597468182686,5.08462724862153,3.35194855238221,5.14547011041302,6.23318572773822,5.29998864978573,7.68712288320488,4.89941012941873,12.3271222916869,1,1,0.005
"Finland",2012,5.0877952,6.24034324324324,1.32836699198383,4.6225576,7.63069594594595,9.04889630835041,7.9987264,3.19081081081081,23.1160523127684,1,1,0.005
"Finland",2013,5.0877952,6.24034324324324,1.32836699198383,4.6225576,7.63069594594595,9.04889630835041,7.9987264,3.19081081081081,23.1160523127684,1,1,0.005
"Finland",2014,5.42064694089938,5.74424189628591,0.334861559139491,4.81721448742448,7.0294883657892,5.18047187772454,8.31306934892052,3.50576459686447,23.1194512976672,1,1,0.01271978022
"France",2000,2.99798453608247,6.53606701754386,12.518027645624,3.14732680412371,6.17705719298246,9.17926622917416,7.19625463917526,7.6213301754386,0.180689211529565,1,1,0.00173310225303293
"France",2001,2.99798453608247,6.53606701754386,12.518027645624,3.14732680412371,6.17705719298246,9.17926622917416,7.19625463917526,7.6213301754386,0.180689211529565,1,1,0.00173310225303293
"France",2002,5.82763560125381,4.45414624557301,14.6628416744004,5.65042854697252,4.47162431804757,10.7737130465587,7.21462794366977,7.15880099236479,0.151011347338197,1,1,0.00157598034835355
"France",2003,7.3977625,3.38380207253886,16.111878313224,7.06249895833333,3.60738497409326,11.9378126440913,7.12571145833333,6.90530984455959,0.0485768713540724,1,1,0
"France",2004,7.39703584329977,3.09828683700454,18.5053962929115,7.06162286400698,3.25428717308258,14.5358099604971,7.12670595923788,7.14385686025769,0.0184911698782605,1,1,0.0275207141490468
"France",2005,7.39680152284264,3.00621851851852,19.2772191178598,7.06134035532995,3.14042592592593,15.3735699627087,7.12702664974619,7.22077962962963,0.00878962123702396,1,1,0.0363951473136915
"France",2006,7.39680152284264,3.00621851851852,19.2772191178598,7.06134035532995,3.14042592592593,15.3735699627087,7.12702664974619,7.22077962962963,0.00878962123702396,1,1,0.0363951473136915
"France",2007,7.40793984817599,3.24654145131294,17.3489371126551,7.00838537765256,3.2828939974866,13.9029531239979,7.10334239646617,7.38380981687607,0.100617099996453,0.999999999,0.999999999,0.0186641780883882
"France",2008,7.40121223880597,3.37819666666667,16.1846542936753,6.94337373134328,3.34834833333333,12.9242076123366,7.1053152238806,7.48323666666667,0.142824616917505,1,1,0.00346620450606586
"France",2009,7.40121223880597,3.37819666666667,16.1846542936753,6.94337373134328,3.34834833333333,12.9242076123366,7.1053152238806,7.48323666666667,0.142824616917505,1,1,0.00346620450606586
"France",2010,7.40094428553522,3.33505917056284,16.5438171271409,6.9427152563256,3.29605629149873,13.3161030950363,7.10563929779037,7.47970353431987,0.140024400682707,1,1,0.00436132325129983
"France",2011,7.39913702623907,3.04411052631579,18.966255815034,6.93827405247813,2.94336315789474,15.9593130556611,7.1078250728863,7.45587368421053,0.121137835844724,1,1,0.0103986135181976
"France",2012,4.79873572362889,5.42013646070084,14.9267743656205,4.40075550859051,5.2676966446655,14.6258932824961,7.59114283717186,7.10269974709399,0.650522139561007,1,1,0.0066760048457539
"France",2013,3.27642265372168,6.78257781954887,12.2931240468567,2.90694368932039,6.62352255639098,13.8129584751557,7.86269158576052,6.9017492481203,0.923410176269444,1,1,0.00346620450606586
"France",2014,3.28858470236957,6.83271976251379,12.5613601484098,2.98049977471699,6.56061566973673,12.823256611846,7.92438260520727,6.85020121718037,1.15801566896198,1.000000001,1.000000001,0.0113222998925477
"Germany",2000,3.54778956521739,5.6474462962963,4.40855838836495,3.61754057971014,6.00625617283951,5.70596218485936,7.88797420289855,8.03886820987654,0.0227690013418744,1,1,0
"Germany",2001,3.54778956521739,5.6474462962963,4.40855838836495,3.61754057971014,6.00625617283951,5.70596218485936,7.88797420289855,8.03886820987654,0.0227690013418744,1,1,0
"Germany",2002,3.54181325366554,5.74690780222366,4.90913392826334,3.59533544061087,6.06212046740609,6.11062668165801,7.88528264553298,8.1221183014726,0.0871121894960317,1,1,0
"Germany",2003,3.51671274509804,6.16464612794613,7.01155120000132,3.50207385620915,6.2967505050505,7.81021757157915,7.87397810457516,8.47176868686869,0.357353580278828,1,1,0
"Germany",2004,3.51671274509804,6.16464612794613,7.01155120000132,3.50207385620915,6.2967505050505,7.81021757157915,7.87397810457516,8.47176868686869,0.357353580278828,1,1,0
"Germany",2005,3.67127891761104,5.87618763613686,6.49721290278916,3.71285755628325,5.89827525783758,7.86935440863043,7.91101409204579,8.30031442589664,0.513789614608034,1,1,0
"Germany",2006,4.95933035714286,3.47236686746988,2.21106041962044,5.46938839285714,2.57764819277108,8.36216138479376,8.21964732142857,6.87152891566265,1.81742323596485,1,1,0
"Germany",2007,4.95933035714286,3.47236686746988,2.21106041962044,5.46938839285714,2.57764819277108,8.36216138479376,8.21964732142857,6.87152891566265,1.81742323596485,1,1,0
"Germany",2008,4.95933035714286,3.47236686746988,2.21106041962044,5.46938839285714,2.57764819277108,8.36216138479376,8.21964732142857,6.87152891566265,1.81742323596485,1,1,0
"Germany",2009,5.17020864223581,3.36132347724666,3.75784787564573,5.53647974924433,2.67896985962277,8.17085517937756,8.26852972014591,6.87968170958233,1.9366748935009,1,1,0
"Germany",2010,6.15870060240964,2.8408075862069,11.0084140669669,5.85097048192771,3.15391517241379,7.27410734257722,8.49766596385542,6.91789793103448,2.49566703752294,1,1,0
"Germany",2011,6.15870060240964,2.8408075862069,11.0084140669669,5.85097048192771,3.15391517241379,7.27410734257722,8.49766596385542,6.91789793103448,2.49566703752294,1,1,0
"Germany",2012,6.15870060240964,2.8408075862069,11.0084140669669,5.85097048192771,3.15391517241379,7.27410734257722,8.49766596385542,6.91789793103448,2.49566703752294,1,1,0
"Germany",2013,6.12385341848604,2.87246437685773,10.6821001672555,5.84908811603977,3.18586448338985,7.12137467684788,8.48944405875085,6.88959195798632,2.56961098907561,1,1,0
"Germany",2014,5.25267380952381,3.66388415300546,2.52425257265968,5.80202896825397,3.98459726775956,3.30305798596199,8.28389642857143,6.18194262295082,4.41820980096296,1,1,0
"Greece",2000,4.4968,6.02509920032088,2.37169070284035,3.6025,6.29578440538936,7.2633175861616,9.2535,8.10153927953566,1.36478606763943,1,1,0
"Greece",2001,4.4968,6.14405140845071,2.71343720264283,3.6025,6.35701478873239,7.58735172134547,9.2535,8.22339788732394,1.06111036253967,1,1,0
"Greece",2002,4.4968,6.14405140845071,2.71343720264283,3.6025,6.35701478873239,7.58735172134547,9.2535,8.22339788732394,1.06111036253967,1,1,0
"Greece",2003,4.4968,6.14405140845071,2.71343720264283,3.6025,6.35701478873239,7.58735172134547,9.2535,8.22339788732394,1.06111036253967,1,1,0
"Greece",2004,6.3131046572888,4.5098585347237,6.02706614673503,6.0910895887048,4.17829754960171,8.73674284367535,9.0372983561936,8.3208514427633,0.536229258486138,1,1,0
"Greece",2005,6.7365,4.12891492537313,6.7994999214168,6.6712,3.67042089552239,9.00467523386946,8.9869,8.34356865671642,0.413875217251059,1,1,0
"Greece",2006,6.7365,4.12891492537313,6.7994999214168,6.6712,3.67042089552239,9.00467523386946,8.9869,8.34356865671642,0.413875217251059,1,1,0
"Greece",2007,6.7365,4.14037774808391,6.74024493580739,6.6712,3.77503526623639,8.42060266477572,8.9869,8.06980520875353,1.06590213245299,1,1,0
"Greece",2008,6.7365,4.17476621621622,6.56247997897918,6.6712,4.08887837837838,6.66838495749452,8.9869,7.24851486486487,3.0219828780588,1,1,0
"Greece",2009,6.2073401104808,4.56147650535983,5.42039555943371,5.9461774733368,4.61765067222149,6.8465695575009,9.0498879120176,7.14055688278418,3.74000840539115,1,1,0
"Greece",2010,4.4968,5.81154,1.7285412676,3.6025,6.32693785714286,7.42256163743316,9.2535,6.79157642857143,6.06106767155561,1,1,0
"Greece",2011,4.63778296872638,5.27159066399819,3.31355229024604,3.79339492224246,6.00020148460993,6.55267195689547,9.18710990061318,6.25666693349269,9.96602145136097,1,1,0
"Greece",2012,5.63843895293899,3.56971157733197,10.6201849583054,5.40590149272552,4.20553565720978,6.62399100053568,8.04439202758654,4.96867370714807,21.5701121327099,0.904109589,1,0
"Greece",2013,6.49960865395144,4.40937357786617,4.41689359035816,6.34662596168272,4.22787170878426,4.63259869043373,9.01509807691054,5.71662799113765,11.0423415488187,1,1,0
"Greece",2014,6.28026481481482,4.40043260869565,3.53376912316284,6.04609444444444,4.29182753623188,3.07745238524966,9.04120740740741,5.35491739130435,13.5887340828211,1,1,0
"Hungary",2000,7.0962,3.57458604651163,12.401764837404,7.71852159624413,3.77782441860465,15.5290942458558,6.10863004694836,8.96508255813954,8.15932094869039,1,1,0.00259067357512953
"Hungary",2001,7.0962,3.57458604651163,12.401764837404,7.71852159624413,3.77782441860465,15.5290942458558,6.10863004694836,8.96508255813954,8.15932094869039,1,1,0.00259067357512953
"Hungary",2002,4.63373585817921,5.34785900492007,12.5258179289462,5.11560463249592,5.96989867703169,16.1280906009772,8.24147369606182,7.7007720078549,8.02142194343516,1,1,0.0010391163238342
"Hungary",2003,2.98456262626263,6.53546382978723,12.6088993571925,3.37236666666667,7.43798510638298,16.5292532973613,9.66989191919192,6.85403191489362,7.92906756380683,1,1,0
"Hungary",2004,2.98456262626263,6.53546382978723,12.6088993571925,3.37236666666667,7.43798510638298,16.5292532973613,9.66989191919192,6.85403191489362,7.92906756380683,1,1,0
"Hungary",2005,2.98456262626263,6.53546382978723,12.6088993571925,3.37236666666667,7.43798510638298,16.5292532973613,9.66989191919192,6.85403191489362,7.92906756380683,1,1,0
"Hungary",2006,2.98101414300103,6.60109482044651,13.1086960240867,3.37936091051573,7.52297613160613,17.1742655207817,9.6694673754818,6.7276875986591,8.66636616005873,1,1,0.00145903319430052
"Hungary",2007,2.9782619047619,6.65199885714286,13.4963431952893,3.38478571428571,7.588896,17.6745432944487,9.66913809523809,6.62969371428571,9.238222144903,1,1,0.00259067357512953
"Hungary",2008,2.90904891059714,6.46858557365245,12.6768489434521,3.52120810183143,7.16890487143833,13.4611267520233,9.66085739073286,6.8453026578258,7.95251488230734,1,1,0.00259067357512953
"Hungary",2009,2.8743,6.37650153846154,12.2654156160024,3.5897,6.95804512820513,11.3457489027032,9.6567,6.95355076923077,7.30701576380829,1,1,0.00259067357512953
"Hungary",2010,5.12104453529255,5.60872345077065,6.464346028534,5.99160095519209,5.95757520413695,7.93294889846097,7.78788168347662,6.66079754769723,2.97230575930628,1,1,0.00259067357512953
"Hungary",2011,6.66048060836502,5.08265327868852,2.48953908227406,7.63734790874525,5.27206803278689,5.5945488916136,6.50739505703422,6.46020737704918,0.00222667714237054,1,1,0.00259067357512953
"Hungary",2012,6.66048060836502,5.08265327868852,2.48953908227406,7.63734790874525,5.27206803278689,5.5945488916136,6.50739505703422,6.46020737704918,0.00222667714237054,1,1,0.00259067357512953
"Hungary",2013,6.66048060836502,5.08265327868852,2.48953908227406,7.63734790874525,5.27206803278689,5.5945488916136,6.50739505703422,6.46020737704918,0.00222667714237054,1,1,0.00259067357512953
"Hungary",2014,6.65130855567724,5.00103137111665,2.7262961416634,7.62875713810806,5.21860084337037,5.80995886375184,6.5157556699534,6.57572905148911,0.00990051120833829,1,1,0.00416236652240477
"Ireland",2000,6.16708271604938,5.38932025316456,0.60491444867267,6.82739506172839,4.92620253164557,3.61453303644274,7.86921604938272,8.17444050632911,0.093161969118223,1,1,0.036144578313253
"Ireland",2001,6.16708271604938,5.38932025316456,0.60491444867267,6.82739506172839,4.92620253164557,3.61453303644274,7.86921604938272,8.17444050632911,0.093161969118223,1,1,0.036144578313253
"Ireland",2002,6.21197605965363,5.04869681205127,1.46468600157159,6.75127589328579,4.63167800828877,4.52847086843783,7.8834251768516,7.73094659095719,0.18036877600062,1,1,0.0567986230481928
"Ireland",2003,6.24564606741573,4.79322923076923,2.10951466737423,6.69418651685393,4.41078461538462,5.21392424363369,7.89408202247191,7.39832615384615,0.245773881276877,1,1,0.072289156626506
"Ireland",2004,6.24564606741573,4.79322923076923,2.10951466737423,6.69418651685393,4.41078461538462,5.21392424363369,7.89408202247191,7.39832615384615,0.245773881276877,1,1,0.072289156626506
"Ireland",2005,6.24564606741573,4.79322923076923,2.10951466737423,6.69418651685393,4.41078461538462,5.21392424363369,7.89408202247191,7.39832615384615,0.245773881276877,1,1,0.072289156626506
"Ireland",2006,6.24564606741573,4.79322923076923,2.10951466737423,6.69418651685393,4.41078461538462,5.21392424363369,7.89408202247191,7.39832615384615,0.245773881276877,1,1,0.072289156626506
"Ireland",2007,6.03389418827238,5.17772012929869,1.02454848873017,6.62736910299415,4.7365879399977,3.70145726288101,7.68585402063805,7.90103925571626,0.460763233557346,1,1,0.0492198564676889
"Ireland",2008,5.86025764705882,5.49300266666667,0.134876220622843,6.57257882352941,5.00374666666667,2.46123433640661,7.51510705882353,8.313264,0.63705450274818,1,1,0.0303030303030303
"Ireland",2009,5.86025764705882,5.49300266666667,0.134876220622843,6.57257882352941,5.00374666666667,2.46123433640661,7.51510705882353,8.313264,0.63705450274818,1,1,0.0303030303030303
"Ireland",2010,5.86025764705882,5.49300266666667,0.134876220622843,6.57257882352941,5.00374666666667,2.46123433640661,7.51510705882353,8.313264,0.63705450274818,1,1,0.0303030303030303
"Ireland",2011,5.57973869116381,4.23913712731888,2.01093659090915,5.2156248217551,5.24961169023442,0.580700330799167,8.32060079609623,5.89813825176716,8.20822417602714,1,1,0.055028305030303
"Ireland",2012,5.51645663716814,3.95627857142857,2.43415559681487,4.90951061946903,5.30507619047619,0.156472120966223,8.50231150442478,5.3533119047619,9.91619847867694,1,1,0.0606060606060606
"Ireland",2013,5.51645663716814,3.95627857142857,2.43415559681487,4.90951061946903,5.30507619047619,0.156472120966223,8.50231150442478,5.3533119047619,9.91619847867694,1,1,0.0606060606060606
"Ireland",2014,5.51645663716814,3.95627857142857,2.43415559681487,4.90951061946903,5.30507619047619,0.156472120966223,8.50231150442478,5.3533119047619,9.91619847867694,1,1,0.0606060606060606
"Italy",2000,3.50149627118644,7.12510739549839,13.1305575802373,3.69708949152542,7.36442861736334,13.4493762639016,8.46279694915254,4.88822861736334,12.7775387586302,1,1,0.0380952380952381
"Italy",2001,5.63561420203862,4.80470284245518,16.427783421964,5.79731010046402,5.00664492133636,16.3871326062069,6.59213841346506,6.96057462463527,12.4663504329884,1,1,0.0177655677543514
"Italy",2002,7.32819048991354,2.96438199233716,19.0428246035198,7.4630023054755,3.1366785440613,18.7170772885771,5.10851268011527,8.60415938697318,12.2195458991665,1,1,0.00164203612479475
"Italy",2003,7.32819048991354,2.96438199233716,19.0428246035198,7.4630023054755,3.1366785440613,18.7170772885771,5.10851268011527,8.60415938697318,12.2195458991665,1,1,0.00164203612479475
"Italy",2004,7.32819048991354,2.96438199233716,19.0428246035198,7.4630023054755,3.1366785440613,18.7170772885771,5.10851268011527,8.60415938697318,12.2195458991665,1,1,0.00164203612479475
"Italy",2005,7.33228764839809,2.94729027538327,19.2285061012597,7.45813256842131,3.13367475042744,18.7009377782096,5.02580836259537,8.61377728522566,12.8792949001524,1,1,0.00164203612479475
"Italy",2006,4.63962487169152,5.58224714095357,17.9104159308237,4.79590859708887,5.76214048379868,17.6222499853647,6.43870015489851,6.4541564771506,7.88204353182265,1,1,0.00260199570487137
"Italy",2007,3.03181958456973,7.16088213058419,17.0491575088994,3.20988308605341,7.33121099656357,16.9853437459501,7.31489643916914,5.16207525773196,4.63463903924458,1,1,0.00317460317460317
"Italy",2008,5.77907747258059,4.71951229158659,15.6627534433095,5.56099899825499,4.72175020082352,13.9943686286707,5.65456765664087,6.80479816758662,7.21543218945538,1,1,0.00214394433650794
"Italy",2009,7.26282857142857,3.40096655290102,14.9139782501457,6.8308,3.31242116040956,12.3789896588778,4.75785,7.6920071672355,8.60927828203942,1,1,0.00158730158730159
"Italy",2010,7.26282857142857,3.40096655290102,14.9139782501457,6.8308,3.31242116040956,12.3789896588778,4.75785,7.6920071672355,8.60927828203942,1,1,0.00158730158730159
"Italy",2011,6.36495141015926,3.65764771608412,16.7790170579299,5.9863329644808,3.54672780761137,14.2013865834528,4.1696542564641,7.51578580815105,12.3997430905721,0.876373626,1,0.00158730158730159
"Italy",2012,0,5.4772319554849,30.0000698941849,0,5.20770158982512,27.1201558486671,0,6.26657217806041,39.2699268628408,0,1,0.00158730158730159
"Italy",2013,2.64812778010506,4.09923063300404,9.9428025720365,2.1970971755855,3.8378919875189,8.87807847053427,5.04107952157133,5.8987910674643,14.482654078378,0.681318681,1,0.000505843363492064
"Italy",2014,3.41798032786885,4.32204701195219,0.817336569269443,2.74198360655738,3.99637370517928,1.57349451952067,7.91353005464481,5.57821792828685,5.45368272751452,1,1,0
"Latvia",2000,7.34527617221404,2.53551423171756,23.4100626048638,6.11145824270017,6.06799639886762,0.0202529084062545,8.72551535807588,6.39273573647502,5.45125821194599,1,1,0
"Latvia",2001,7.34757428571429,2.1608,26.9026274909469,6.14457285714286,6.00390666666667,0.019786977143084,8.68664857142857,6.28433333333333,5.77111850318458,1,1,0
"Latvia",2002,7.26691957918362,2.45454285644658,23.9636696478666,6.19587337721535,5.97769358980572,0.0820948436183171,8.58511489249128,6.34804212439111,5.1612459203213,1,1,0
"Latvia",2003,6.80390181818182,4.14084444444444,7.091874575817,6.49037636363636,5.82721111111111,0.439788152156881,8.00223636363636,6.71377777777778,1.6601255274727,1,1,0
"Latvia",2004,6.74182978777527,4.5236568931572,5.32995342486864,6.62072455960507,5.84300894357034,0.63001849901194,8.15509781947767,6.72884195020488,2.26653769164678,1,1,0
"Latvia",2005,6.93369117647059,2.783175,17.226784531144,6.28863235294118,5.98650625,0.0912801820784226,8.40384705882353,5.33691875,9.40604925146315,1,1,0
"Latvia",2006,6.81029315169255,4.24309134383039,7.52781710153899,6.54478938435072,5.75771332288891,0.736833885912306,8.18401553558107,6.58935095845868,3.47544903181598,0.999999999,0.999999999,0
"Latvia",2007,7.00269830508475,4.63284878048781,5.61618676923235,6.4332,5.05572682926829,1.89743233608566,7.8563813559322,7.67969268292683,0.0312188871684002,1,1,0
"Latvia",2008,7.00269830508475,4.63284878048781,5.61618676923235,6.4332,5.05572682926829,1.89743233608566,7.8563813559322,7.67969268292683,0.0312188871684002,1,1,0
"Latvia",2009,6.99308010663936,4.11018186375982,8.35896027655109,6.2378129736291,5.25862976856849,0.987642457607632,8.05502985265609,7.1997065666914,0.815313366868121,1,1,0
"Latvia",2010,6.6671238756751,5.10162231803386,3.04604255628696,6.28709508086548,5.51185637168058,0.668152466585731,7.67121453875939,7.66614290096065,0.251928117476295,1,1,0
"Latvia",2011,6.74686606586186,4.5241365734957,5.63065281502843,6.67196921974991,5.19656897605586,2.31041897192857,7.42518624174582,7.43311150975213,0.0204473671208336,1,1,0.01104395604
"Latvia",2012,7.640464,3.66867272727273,15.7751259141125,7.047028,4.80202727272727,5.04002826545508,7.578856,7.28617954545455,0.0856595070452971,1,1,0.06
"Latvia",2013,7.640464,3.66867272727273,15.7751259141125,7.047028,4.80202727272727,5.04002826545508,7.578856,7.28617954545455,0.0856595070452971,1,1,0.06
"Latvia",2014,7.14034138733058,3.29893230277917,15.24120144611,6.85443953452521,4.4386524613272,5.99283132643835,7.39422210376744,7.50541568378736,0.034025984036181,1,1,0.05076923076
"Lithuania",2000,6.66087677416298,4.33515879846992,5.60445048903875,6.42078992758676,4.1971241258463,7.52044619740129,9.2537252707113,6.03762517502176,10.3473808038855,1,1,0.0290473080349951
"Lithuania",2001,4.96747613849891,4.67643277343451,1.29389264305879,4.25399620584644,4.44024738774917,1.05804789587775,8.96141983269757,6.73574280612017,5.69179412039124,1,1,0.0283687943262411
"Lithuania",2002,4.2686,5.08324537037037,0.663647079465878,4.9071,4.07616574074074,0.690451743210734,8.6647,7.30291666666667,1.85445384694444,1,1,0.0283687943262411
"Lithuania",2003,4.2686,5.08324537037037,0.663647079465878,4.9071,4.07616574074074,0.690451743210734,8.6647,7.30291666666667,1.85445384694444,1,1,0.0283687943262411
"Lithuania",2004,4.24102600027574,5.17277850913649,1.14889806401405,4.93713416750788,4.1555826132919,0.660743464301728,8.64755445222625,7.38337445498621,1.79316230884108,1,1,0.0290294374751773
"Lithuania",2005,3.67657,7.00557454545455,11.082271263657,5.55195125,5.78129272727273,0.0525975131976367,8.296575,9.03039272727273,0.538488456859708,1,1,0.0425531914893617
"Lithuania",2006,4.33838728879306,6.0084881178966,5.08650376245059,4.9865685171809,6.01772051051323,1.92732961529047,8.33374640867254,8.87815712051652,0.332657084979414,1.000000001,1.000000001,0.0425531915319149
"Lithuania",2007,5.05895636363636,5.20212,0.0204958267768594,4.36064727272727,6.327395,3.86809662273244,8.39913090909091,8.75098125,0.123798662397844,1,1,0.0425531914893617
"Lithuania",2008,5.30914663405694,5.08300374132073,1.37891120733621,4.55473198582141,6.29761747967049,3.52552728992642,8.37381735863643,8.70249316236521,0.113256212965334,1,1,0.041231905177305
"Lithuania",2009,7.7448225,3.92337192982456,14.6034844602942,6.44420375,6.00772456140351,0.190514082077852,8.1273825,8.23044736842105,0.0106223671026488,1,1,0.0283687943262411
"Lithuania",2010,7.66296888602408,3.92337192982456,14.0020319662816,6.46077695134714,6.00772456140351,0.205971700448798,8.39197251319874,8.23044736842105,0.208388106956066,1,1,0.0303366845886525
"Lithuania",2011,7.4498253164557,3.92337192982456,12.4358734880822,6.50393291139241,6.00772456140351,0.246222726598704,9.08095443037975,8.23044736842105,0.723362262441611,1,1,0.0354609929078014
"Lithuania",2012,7.05532727242008,4.29349682799459,12.5147670857654,6.43907123210229,6.02579719854208,0.228289295428878,9.02110193608423,8.36525967317831,0.746887258164598,1,1,0.0392499757092199
"Lithuania",2013,3.75772823529412,7.38736136363636,13.1742366463595,5.89689411764706,6.17686590909091,0.078384204004279,8.52079647058824,9.49215227272727,0.943532094349168,1,1,0.0709219858156028
"Lithuania",2014,3.75772823529412,7.38736136363636,13.1742366463595,5.89689411764706,6.17686590909091,0.078384204004279,8.52079647058824,9.49215227272727,0.943532094349168,1,1,0.0709219858156028
"Luxembourg",2000,6.50541470588235,4.51924615384615,3.94486551709758,5.41023529411765,2.86944230769231,6.4556289998682,7.89905294117647,6.25688076923077,2.69672944231286,1,1,0
"Luxembourg",2001,6.50541470588235,4.51924615384615,3.94486551709758,5.41023529411765,2.86944230769231,6.4556289998682,7.89905294117647,6.25688076923077,2.69672944231286,1,1,0
"Luxembourg",2002,6.50541470588235,4.51924615384615,3.94486551709758,5.41023529411765,2.86944230769231,6.4556289998682,7.89905294117647,6.25688076923077,2.69672944231286,1,1,0
"Luxembourg",2003,6.50541470588235,4.51924615384615,3.94486551709758,5.41023529411765,2.86944230769231,6.4556289998682,7.89905294117647,6.25688076923077,2.69672944231286,1,1,0
"Luxembourg",2004,5.99340898874097,5.05168967118086,2.39837338615398,5.33116792573277,3.01293018960769,5.44285716831033,8.0765416361205,6.26105584155379,3.33760941343463,1,1,0
"Luxembourg",2005,5.28396315789474,5.78945454545454,0.25552154289714,5.22161052631579,3.21175,4.03953933524238,8.32247368421053,6.26684090909091,4.22562610614598,1,1,0
"Luxembourg",2006,5.28396315789474,5.78945454545454,0.25552154289714,5.22161052631579,3.21175,4.03953933524238,8.32247368421053,6.26684090909091,4.22562610614598,1,1,0
"Luxembourg",2007,5.28396315789474,5.78945454545454,0.25552154289714,5.22161052631579,3.21175,4.03953933524238,8.32247368421053,6.26684090909091,4.22562610614598,1,1,0
"Luxembourg",2008,5.28396315789474,5.78945454545454,0.25552154289714,5.22161052631579,3.21175,4.03953933524238,8.32247368421053,6.26684090909091,4.22562610614598,1,1,0
"Luxembourg",2009,5.33297240212515,5.59823133546436,0.143129142231575,5.31758663960935,3.08540059532599,5.04497759907751,8.32553724696143,6.21082666087813,4.47640153440696,1,1,0
"Luxembourg",2010,5.39476666666667,5.35712380952381,0.00141698469387755,5.4386,2.92609047619048,6.31270410723356,8.3294,6.1402,4.79259664,1,1,0
"Luxembourg",2011,5.39476666666667,5.35712380952381,0.00141698469387755,5.4386,2.92609047619048,6.31270410723356,8.3294,6.1402,4.79259664,1,1,0
"Luxembourg",2012,5.39476666666667,5.35712380952381,0.00141698469387755,5.4386,2.92609047619048,6.31270410723356,8.3294,6.1402,4.79259664,1,1,0
"Luxembourg",2013,5.32674898138833,5.4254469844011,0.241757435647111,5.1690839978916,3.23120389775924,7.87675167916013,8.2819933036838,6.22104396566394,4.45281048124501,1,1,0
"Luxembourg",2014,4.4777875,6.27822142857143,3.24156233115115,1.805125,7.03947142857143,27.3983825342985,7.6902875,7.23009642857143,0.211775822222577,1,1,0
"Malta",2000,5.7143,4.2105,2.26141444,6.9173,6.3158,0.36180225,9.3985,2.406,48.89505625,1,1,0
"Malta",2001,5.7143,4.2105,2.26141444,6.9173,6.3158,0.36180225,9.3985,2.406,48.89505625,1,1,0
"Malta",2002,5.7143,4.2105,2.26141444,6.9173,6.3158,0.36180225,9.3985,2.406,48.89505625,1,1,0
"Malta",2003,5.7143,4.2105,2.26141444,6.9173,6.3158,0.36180225,9.3985,2.406,48.89505625,1,1,0
"Malta",2004,5.7143,4.2105,2.26141444,6.9173,6.3158,0.36180225,9.3985,2.406,48.89505625,1,1,0
"Malta",2005,5.7143,4.2105,2.26141444,6.9173,6.3158,0.36180225,9.3985,2.406,48.89505625,1,1,0
"Malta",2006,5.7143,4.2105,2.26141444,6.9173,6.3158,0.36180225,9.3985,2.406,48.89505625,1,1,0
"Malta",2007,5.7143,4.2105,2.26141444,6.9173,6.3158,0.36180225,9.3985,2.406,48.89505625,1,1,0
"Malta",2008,5.7143,4.2105,2.26141444,6.9173,6.3158,0.36180225,9.3985,2.406,48.89505625,1,1,0
"Malta",2009,5.7143,4.2105,2.26141444,6.9173,6.3158,0.36180225,9.3985,2.406,48.89505625,1,1,0
"Malta",2010,5.7143,4.2105,2.26141444,6.9173,6.3158,0.36180225,9.3985,2.406,48.89505625,1,1,0
"Malta",2011,5.7143,4.2105,2.26141444,6.9173,6.3158,0.36180225,9.3985,2.406,48.89505625,1,1,0
"Malta",2012,5.7143,4.2105,2.26141444,6.9173,6.3158,0.36180225,9.3985,2.406,48.89505625,1,1,0
"Malta",2013,4.495560989672,5.429239010328,2.26141444,6.42982060466,6.80327939534,0.36180225,3.7315013767,8.0729986233,48.89505625,1,1,0
"Malta",2014,4.2105,5.7143,2.26141444,6.3158,6.9173,0.36180225,2.406,9.3985,48.89505625,1,1,0
"Netherlands",2000,5.20469072164948,5.06037358490566,0.0208274359579357,3.45950103092783,5.76082641509434,5.29609852380911,7.28127835051546,6.24237547169811,1.07931919161498,1,1,0
"Netherlands",2001,5.20469072164948,5.06037358490566,0.0208274359579357,3.45950103092783,5.76082641509434,5.29609852380911,7.28127835051546,6.24237547169811,1.07931919161498,1,1,0
"Netherlands",2002,6.01928848793285,4.41356590795549,5.24138565654988,4.39440931002904,4.84818811190158,4.46216539639993,6.63246200211199,6.25149674094413,0.684900860960809,1,1,0
"Netherlands",2003,6.61511445834239,3.8049845415146,8.15248082184713,5.5144506017067,3.7266875674791,3.19868681549235,6.61829918481754,6.23408588538179,0.601948983400122,1,1,0
"Netherlands",2004,6.33389230769231,3.93754444444444,5.7424830816926,5.48383846153846,3.737725,3.04891222056583,7.15063333333333,6.21480833333333,0.875768430625001,1,1,0
"Netherlands",2005,6.33389230769231,3.93754444444444,5.7424830816926,5.48383846153846,3.737725,3.04891222056583,7.15063333333333,6.21480833333333,0.875768430625001,1,1,0
"Netherlands",2006,6.40203392540921,3.98849004301653,5.8255064816983,5.64425871194852,3.68221045437007,3.89889554228436,7.09836021000617,6.27114624452131,0.696745762361996,1,1,0
"Netherlands",2007,5.2070414790844,4.56784148486082,0.944092839980465,5.45387317913442,4.26479253260241,1.58094702436689,7.50460232889693,4.39372639113231,10.6362769018873,1,1,0.0114285714266667
"Netherlands",2008,4.9958775,4.65542941176471,0.115904900783067,5.393895,4.37166470588235,1.04495477421185,7.58151375,4.07090294117647,12.3243882510286,1,1,0.0133333333333333
"Netherlands",2009,4.9958775,4.65542941176471,0.115904900783067,5.393895,4.37166470588235,1.04495477421185,7.58151375,4.07090294117647,12.3243882510286,1,1,0.0133333333333333
"Netherlands",2010,5.9999336650666,4.44774896412346,2.68788390351657,6.36225450037888,4.11347277561756,5.91314805268889,7.200564785848,5.07954167506758,4.83659668562685,1,1,0.0133333333333333
"Netherlands",2011,6.77853461538461,4.70484583333333,4.30018516480533,5.31734423076923,4.30759166666667,1.0196002407117,6.66134230769231,4.95241875,2.92041972603573,1,1,0.0133333333333333
"Netherlands",2012,6.59019199166524,4.75765332114033,3.75633684727103,5.08734883291746,4.42482076822687,1.16345717594502,6.70255383654185,4.94554761131963,3.11848697026407,1,1,0.0169132420066667
"Netherlands",2013,5.55094430379747,5.1999115942029,0.123223963205306,3.81826708860759,5.15502608695652,1.78692461966683,6.92995316455696,4.75894927536232,4.71325788689827,1,1,0.0133333333333333
"Netherlands",2014,5.55094430379747,5.1999115942029,0.123223963205306,3.81826708860759,5.15502608695652,1.78692461966683,6.92995316455696,4.75894927536232,4.71325788689827,1,1,0.0133333333333333
"Norway",2000,3.80105101091945,6.23809709187591,7.80013563940488,3.69738949732733,5.09518323893365,9.77489952258437,7.08224024835802,5.48305156243138,14.2722251849665,1,1,0
"Norway",2001,4.11531321507256,6.10383849704004,9.208524951254,3.28307903354441,5.13124955727533,7.27362349144815,8.0457068232651,5.02319260647868,9.57463631375023,1,1,0
"Norway",2002,7.08396451612903,4.49589805825243,6.69808799038596,5.56555161290323,3.49215242718447,4.29898418333922,7.05872580645161,5.35914854368932,2.88856287209857,1,1,0
"Norway",2003,7.08396451612903,4.49589805825243,6.69808799038596,5.56555161290323,3.49215242718447,4.29898418333922,7.05872580645161,5.35914854368932,2.88856287209857,1,1,0
"Norway",2004,7.08396451612903,4.49589805825243,6.69808799038596,5.56555161290323,3.49215242718447,4.29898418333922,7.05872580645161,5.35914854368932,2.88856287209857,1,1,0
"Norway",2005,6.28887567368965,5.15352543487934,9.4210347722445,5.013976465421,3.84471097618509,4.51711894759713,6.8484239754021,5.57677950572781,2.32272700931787,1,1,0
"Norway",2006,3.22513333333333,7.68758292682927,19.913456374492,2.88857356321839,5.20323658536585,5.35766490609683,6.03806091954023,6.41538414634146,0.142372817483695,1,1,0
"Norway",2007,3.22513333333333,7.68758292682927,19.913456374492,2.88857356321839,5.20323658536585,5.35766490609683,6.03806091954023,6.41538414634146,0.142372817483695,1,1,0
"Norway",2008,3.22513333333333,7.68758292682927,19.913456374492,2.88857356321839,5.20323658536585,5.35766490609683,6.03806091954023,6.41538414634146,0.142372817483695,1,1,0
"Norway",2009,3.24123657894105,7.75159819331948,20.352671670635,2.90008490032905,5.20618780229763,5.3184077679673,6.09853034159811,6.51733644160638,0.182377466071787,1,1,0
"Norway",2010,3.30654418604651,8.0112156626506,22.1339337027721,2.94676976744186,5.21815662650602,5.15919826352937,6.34376744186047,6.93080963855422,0.344618540699025,1,1,0
"Norway",2011,3.30654418604651,8.0112156626506,22.1339337027721,2.94676976744186,5.21815662650602,5.15919826352937,6.34376744186047,6.93080963855422,0.344618540699025,1,1,0
"Norway",2012,3.30654418604651,8.0112156626506,22.1339337027721,2.94676976744186,5.21815662650602,5.15919826352937,6.34376744186047,6.93080963855422,0.344618540699025,1,1,0
"Norway",2013,4.33312662689241,7.13392892284436,21.5802664155792,3.23353480700828,4.90084071802668,4.16274021016993,6.73785707156212,6.71014232488482,1.43290911371282,1,1,0
"Norway",2014,8.22333376623376,3.80947391304348,19.482158803605,4.32022337662338,3.69838043478261,0.38668864431718,8.23124935064935,5.87392934782609,5.55695759571067,1,1,0
"Poland",2000,6.93961697384846,3.38702333282983,12.6217825244689,7.54344936276028,2.59980420013311,25.0017846460817,7.31927477542069,8.56271856069625,1.76650909176836,1,1,0.00434782608695652
"Poland",2001,6.30086960798796,4.17646074534256,12.3547505860763,7.03285871630724,3.40060247258652,28.607790210708,7.33226680785994,7.9352370975191,4.7634044960425,1,1,0.00434782608695652
"Poland",2002,3.00128682170543,6.4678645,12.0171607996502,2.60869689922481,6.8152455,17.6950511306837,8.46105503875969,4.87606,12.8521894279316,1,1,0.00434782608695652
"Poland",2003,2.80832981346945,6.13597129947249,11.0769319336814,1.96669746233243,6.77654188707477,23.2050098991032,8.9667416236534,4.94604324857695,16.2027380673821,1,1,0.00434782608695652
"Poland",2004,2.94297933622114,6.33547093851446,11.5132234406401,2.31980623394151,6.79980646976562,20.1705146626314,8.61958974169041,4.90397660542821,13.8818969738699,1,1,0.00579511614130435
"Poland",2005,3.81199441551336,6.27747973223967,10.7817848527755,3.51331054135151,6.50406309817556,16.8939531549761,7.90770364503926,5.17072841748252,10.5375620769527,1,1,0.00615742952608696
"Poland",2006,7.25015292689744,5.18919787061758,4.29621422469913,8.24915447409849,4.04351164009972,18.1177284952601,4.50414099624382,8.07962153450697,15.8158004802189,1,1,0.00434782608695652
"Poland",2007,6.88842964169498,5.30232663144981,3.22476873379389,7.73233594182854,3.97035074936397,20.0896799382341,4.59921610828321,8.51015569179795,21.2447149061455,1,1,0.00542283803478261
"Poland",2008,5.97072125,6.62657009345794,0.430137705465123,4.07689125,6.80241542056075,7.42848200431085,8.85212833333333,6.26894065420561,6.67285858559729,1,1,0.0130434782608696
"Poland",2009,5.97072125,6.62657009345794,0.430137705465123,4.07689125,6.80241542056075,7.42848200431085,8.85212833333333,6.26894065420561,6.67285858559729,1,1,0.0130434782608696
"Poland",2010,5.97072125,6.62657009345794,0.430137705465123,4.07689125,6.80241542056075,7.42848200431085,8.85212833333333,6.26894065420561,6.67285858559729,1,1,0.0130434782608696
"Poland",2011,5.97314712875284,6.64814418904578,0.458358147704193,4.07353165821921,6.78263436888982,7.3412505726566,8.85687760725446,6.29724789415011,6.55584724174617,1,1,0.0117594362173913
"Poland",2012,5.99125659574468,6.80919732142857,0.669027030732289,4.04845191489362,6.63496651785714,6.69005779134356,8.8923314893617,6.50856473214286,5.68234395282165,1,1,0.00217391304347826
"Poland",2013,5.99125659574468,6.80919732142857,0.669027030732289,4.04845191489362,6.63496651785714,6.69005779134356,8.8923314893617,6.50856473214286,5.68234395282165,1,1,0.00217391304347826
"Poland",2014,5.99125659574468,6.80919732142857,0.669027030732289,4.04845191489362,6.63496651785714,6.69005779134356,8.8923314893617,6.50856473214286,5.68234395282165,1,1,0.00217391304347826
"Portugal",2000,4.0492,5.82131913043478,3.14040621245293,3.5411,6.37643913043478,8.03914798457467,9.2233,6.93630347826087,5.23035309044688,1,1,0
"Portugal",2001,4.0492,5.82131913043478,3.14040621245293,3.5411,6.37643913043478,8.03914798457467,9.2233,6.93630347826087,5.23035309044688,1,1,0
"Portugal",2002,5.85897270520903,4.3070395191403,6.31067416543699,6.28502606653968,4.07874382318125,13.8442793946932,8.31136913382093,7.96687569987233,1.45126023680552,1,1,0
"Portugal",2003,6.49811176470588,3.77225675675676,7.43028552436133,7.25407058823529,3.26729009009009,15.8944187403909,7.98931176470588,8.33083243243243,0.11663636648439,1,1,0
"Portugal",2004,6.49811176470588,3.77225675675676,7.43028552436133,7.25407058823529,3.26729009009009,15.8944187403909,7.98931176470588,8.33083243243243,0.11663636648439,1,1,0
"Portugal",2005,4.52014456938224,5.25254567185271,3.38391978003407,4.25513280428741,5.57003849738362,8.42132850905101,8.98599457051544,7.15782137417405,4.46306758211834,1,1,0
"Portugal",2006,4.0492,5.60499541284404,2.42049936662655,3.5411,6.1183119266055,6.64202131463766,9.2233,6.87853302752294,5.49793215521926,1,1,0
"Portugal",2007,4.0492,5.60499541284404,2.42049936662655,3.5411,6.1183119266055,6.64202131463766,9.2233,6.87853302752294,5.49793215521926,1,1,0
"Portugal",2008,4.0492,5.60499541284404,2.42049936662655,3.5411,6.1183119266055,6.64202131463766,9.2233,6.87853302752294,5.49793215521926,1,1,0
"Portugal",2009,4.0492,5.59479550098175,2.38933520090142,3.5411,6.12352519826983,6.66904261835667,9.2233,6.83843829662595,5.69482384512695,1,1,0
"Portugal",2010,4.0492,5.54874135338346,2.24862427050709,3.5411,6.14706390977444,6.79104789904687,9.2233,6.6574045112782,6.58381965904291,1,1,0
"Portugal",2011,5.44862624951074,4.45855332089888,6.11943826748537,5.64007784829199,4.5407488559642,12.5920280182907,8.40560084870707,7.27614410067692,2.98649556975506,1,1,0
"Portugal",2012,6.60895454545455,3.55462857142857,9.32890715560971,7.38043636363636,3.20887959183673,17.4018859003473,7.72760909090909,7.7891693877551,0.00378967014776888,1,1,0
"Portugal",2013,6.60895454545455,3.55462857142857,9.32890715560971,7.38043636363636,3.20887959183673,17.4018859003473,7.72760909090909,7.7891693877551,0.00378967014776888,1,1,0
"Portugal",2014,6.60895454545455,3.55462857142857,9.32890715560971,7.38043636363636,3.20887959183673,17.4018859003473,7.72760909090909,7.7891693877551,0.00378967014776888,1,1,0
"Romania",2000,5.45992958699351,4.13321523977298,2.33981004087849,5.22966779693409,7.07075171297639,3.46251791388074,9.12085064672293,7.22118708374068,3.6182018529958,1,1,0.0439861989184434
"Romania",2001,3.2325,6.22479476744186,8.95382797525994,6.2794,6.58850697674419,0.0955471230719307,8.6459,7.29858604651163,1.81525488926446,1,1,0.0521739130434783
"Romania",2002,3.2325,6.22479476744186,8.95382797525994,6.2794,6.58850697674419,0.0955471230719307,8.6459,7.29858604651163,1.81525488926446,1,1,0.0521739130434783
"Romania",2003,3.2325,6.22479476744186,8.95382797525994,6.2794,6.58850697674419,0.0955471230719307,8.6459,7.29858604651163,1.81525488926446,1,1,0.0521739130434783
"Romania",2004,3.24661867497638,6.21340948115877,8.91990473408172,6.2655495891796,6.59153828095089,0.157994730542403,8.65090512773568,7.30056643345158,1.82507514312154,1,1,0.0521851073141959
"Romania",2005,5.80915820895522,4.14698,2.7628363983256,3.7517,7.14172,11.4922356004,9.55933582089552,7.66000666666667,3.60745123610371,1,1,0.0542168674698795
"Romania",2006,5.80915820895522,4.14698,2.7628363983256,3.7517,7.14172,11.4922356004,9.55933582089552,7.66000666666667,3.60745123610371,1,1,0.0542168674698795
"Romania",2007,5.9837266471689,4.34069914407702,2.69966705908763,3.66351702016037,6.64559773263182,8.95074226249917,9.57110838155634,7.95216467717253,2.64834873291302,1,1,0.0542168674698795
"Romania",2008,6.00232418646829,4.44710354746844,2.67913044638804,3.66890294580033,6.40568859539364,7.9118578912353,9.56344598291468,8.08991252346767,2.26165843988343,1,1,0.054208862354592
"Romania",2009,4.35931768760948,5.95095086068649,2.70805690069974,5.07116575258395,3.78197262391066,1.8168862873505,9.10756320152801,9.50359422578221,0.176420805119913,1,1,0.0538922155688623
"Romania",2010,5.34633564660232,4.355891593873,1.00704882361755,3.92849743080767,5.22683568450113,1.68654796663505,9.43036575946941,9.0060144327557,0.187879755409757,1,1,0.0538922155688623
"Romania",2011,5.25957189542484,4.3952963190184,0.74697227197267,3.91456928104575,5.18991533742331,1.6265075635178,9.37395882352941,9.01864601226994,0.12624719384511,1,1,0.0538922155688623
"Romania",2012,4.64747663664372,4.89417904419033,0.811330345740946,4.76750064774021,4.35656175208086,1.72780286715766,9.14047975775666,9.18602654621279,0.216737531183496,0.999999999,0.999999999,0.0665730647417592
"Romania",2013,4.33896923076923,3.89328925619835,0.198630639733503,5.27859597069597,3.57757520661157,2.89347163984628,8.97718095238095,7.10307603305785,3.51226924863104,1,1,0.0436893203883495
"Romania",2014,3.72708488183538,4.61905582999126,1.16320116978184,5.91749471831028,3.5442156851184,5.72580905716158,8.7398661283931,7.95012173472205,0.865108816449873,1,1,0.0436893203883495
"Slovakia",2000,5.55809569892473,5.4141649122807,0.020716071343969,3.78670107526882,6.54091754385965,7.58570835585696,8.7394064516129,6.43874561403509,5.29304028956425,1,1,0
"Slovakia",2001,5.55809569892473,5.4141649122807,0.020716071343969,3.78670107526882,6.54091754385965,7.58570835585696,8.7394064516129,6.43874561403509,5.29304028956425,1,1,0
"Slovakia",2002,5.87332313995474,5.05623450899237,2.38480155512225,4.13807316725891,6.20231543729394,6.06512964272116,8.77001389581224,6.48663221359457,5.21496332684983,1,1,0
"Slovakia",2003,7.06786923076923,3.69986666666667,11.3434412718015,5.46958846153846,4.91919166666667,0.302936631805145,8.886,6.66809722222222,4.91909273167438,1,1,0
"Slovakia",2004,7.06786923076923,3.69986666666667,11.3434412718015,5.46958846153846,4.91919166666667,0.302936631805145,8.886,6.66809722222222,4.91909273167438,1,1,0
"Slovakia",2005,7.06786923076923,3.69986666666667,11.3434412718015,5.46958846153846,4.91919166666667,0.302936631805145,8.886,6.66809722222222,4.91909273167438,1,1,0
"Slovakia",2006,4.62345811522676,6.40257990088532,6.28121166193579,5.05419764797998,5.78266280438161,0.744082868304487,6.99454576493645,8.37802078067453,3.82115603149549,1,1,0.01604395604
"Slovakia",2007,4.50308235294118,7.04087538461538,6.44039347161417,5.18448823529412,6.20566307692308,1.04279805717593,6.40620588235294,8.80782615384615,5.76777992844713,1,1,0
"Slovakia",2008,4.50308235294118,7.04087538461538,6.44039347161417,5.18448823529412,6.20566307692308,1.04279805717593,6.40620588235294,8.80782615384615,5.76777992844713,1,1,0
"Slovakia",2009,4.50308235294118,7.04087538461538,6.44039347161417,5.18448823529412,6.20566307692308,1.04279805717593,6.40620588235294,8.80782615384615,5.76777992844713,1,1,0
"Slovakia",2010,5.70572725308801,5.58559614957318,7.56066676959726,5.47009357236059,5.33477168354725,1.44698883613527,7.37688494387092,7.83870722134703,4.23265171971059,1,1,0
"Slovakia",2011,6.99273492137323,4.03995592674879,8.71907505074157,5.7730819190104,4.40523979487253,1.87102452365803,8.4173442099489,6.79592694504736,2.62950109618348,1,1,0.00263736264
"Slovakia",2012,4.31279805370568,6.31655048339097,12.4461112743124,4.19814716546716,5.95823473355087,6.46675477484449,7.49476854622939,7.65419850978934,1.1822083945859,1,1,0.00343378996
"Slovakia",2013,3.3799,7.09375074626866,13.7926873655603,3.6548,6.49587313432836,8.07169655460237,7.1697,7.96257164179104,0.628645440356427,1,1,0
"Slovakia",2014,3.3799,7.09375074626866,13.7926873655603,3.6548,6.49587313432836,8.07169655460237,7.1697,7.96257164179104,0.628645440356427,1,1,0
"Slovenia",2000,5.73437156412561,5.31203049011814,3.82761571721408,5.86548708540636,5.28768979883131,6.00315285644584,7.95813104213091,8.03482603482175,0.184005017243935,1,1,0.0222222222222222
"Slovenia",2001,4.0917,6.19025882352941,4.40394913581315,3.49714259259259,6.39618235294118,8.40443153208197,8.58929259259259,7.61117647058824,0.956711148124842,1,1,0.0222222222222222
"Slovenia",2002,4.08973902993362,6.20327446672278,4.47361147826886,3.50072044194988,6.40200820944345,8.41761894686728,8.58589200314033,7.61345153199969,0.946585384951234,1,1,0.0222222222222222
"Slovenia",2003,4.03221724137931,6.58506666666667,6.51704018818999,3.60567068965517,6.5729,8.80444978016944,8.48614137931034,7.68018666666667,0.649562998832551,1,1,0.0222222222222222
"Slovenia",2004,3.92579428419773,6.38238794411127,8.64525115234382,3.38729432064057,6.4742100866855,13.727106920929,8.67016873117054,7.57399068836683,1.28689725232009,1.000000001,1.000000001,0.0222222222444444
"Slovenia",2005,6.82005714285714,3.72586923076923,9.57399883531095,7.06810204081633,3.20434871794872,14.9285897399705,8.32763469387755,7.92147948717949,0.164962051927947,1,1,0.0222222222222222
"Slovenia",2006,6.82005714285714,3.72586923076923,9.57399883531095,7.06810204081633,3.20434871794872,14.9285897399705,8.32763469387755,7.92147948717949,0.164962051927947,1,1,0.0222222222222222
"Slovenia",2007,6.82005714285714,3.72586923076923,9.57399883531095,7.06810204081633,3.20434871794872,14.9285897399705,8.32763469387755,7.92147948717949,0.164962051927947,1,1,0.0222222222222222
"Slovenia",2008,6.42295981248053,4.04844390743224,9.84648914390866,6.65896296820815,3.59860927627122,14.6100538316144,8.30245478224177,7.90171677483104,0.160829387224722,1,1,0.0222222222222222
"Slovenia",2009,3.196544,6.66936315789474,12.0604729034407,3.334708,6.80197631578947,12.0219495736776,8.097868,7.7411447368421,0.127251486478017,1,1,0.0222222222222222
"Slovenia",2010,3.196544,6.66936315789474,12.0604729034407,3.334708,6.80197631578947,12.0219495736776,8.097868,7.7411447368421,0.127251486478017,1,1,0.0222222222222222
"Slovenia",2011,3.180558208783,6.19983701926779,9.31074344363788,3.11411643578419,6.43175357707781,11.0279083908056,8.20617693045853,7.74106544050581,0.227448470075735,1,1,0.0393467643555556
"Slovenia",2012,6.18433652617515,3.42404946934807,9.90583585630677,6.03898939289259,3.62861134864567,8.30284550185831,8.33659890509801,8.08594449410747,0.0708573506687874,1,1,0.0246879756555556
"Slovenia",2013,4.25399855964993,6.23527282899308,11.2121883716348,4.20146630693309,6.32376725251329,11.2649971145228,8.1523046263058,8.3730869048563,0.103021463692137,1,1,0.0222222222222222
"Slovenia",2014,3.52018051549662,6.60113424863262,9.66949949301074,3.69444708374794,6.73175018276969,9.58686045487896,8.03495414194535,8.20493046374151,0.0837374785943132,1,1,0.0222222222222222
"Spain",2000,7.5969,3.96712333995693,13.1828098018575,7.8127,3.42837815988974,19.2266589606697,7.7368,8.66632080218734,0.875361115863361,1,1,0.00194911937428571
"Spain",2001,7.5969,4.02635602409639,12.7487842838616,7.8127,3.47355481927711,18.8281808993907,7.7368,8.73904337349398,1.00449177971259,1,1,0.00285714285714286
"Spain",2002,7.5969,4.02635602409639,12.7487842838616,7.8127,3.47355481927711,18.8281808993907,7.7368,8.73904337349398,1.00449177971259,1,1,0.00285714285714286
"Spain",2003,7.5969,4.02635602409639,12.7487842838616,7.8127,3.47355481927711,18.8281808993907,7.7368,8.73904337349398,1.00449177971259,1,1,0.00285714285714286
"Spain",2004,4.869027123552,6.13277017524184,11.2893931084405,4.439049589368,6.07371935180418,17.4723458275681,8.720875616343,7.99199601900335,1.77411888331649,1,1,0.00285714285714286
"Spain",2005,3.7377,7.00636054054054,10.6841417292868,3.0399,7.15208216216216,16.9100421348047,9.129,7.68217405405405,2.09330531786238,1,1,0.00285714285714286
"Spain",2006,3.7377,7.00636054054054,10.6841417292868,3.0399,7.15208216216216,16.9100421348047,9.129,7.68217405405405,2.09330531786238,1,1,0.00285714285714286
"Spain",2007,3.7377,7.00636054054054,10.6841417292868,3.0399,7.15208216216216,16.9100421348047,9.129,7.68217405405405,2.09330531786238,1,1,0.00285714285714286
"Spain",2008,3.7377,7.18956987398617,11.9284234874253,3.0399,7.34643199990344,18.5608670284197,9.129,7.73320153929188,1.94926318334763,1,1,0.00285714285714286
"Spain",2009,3.7377,7.26062444444444,12.4109966412642,3.0399,7.42180722222222,19.2011109041633,9.129,7.75299166666667,1.89339893340278,1,1,0.00285714285714286
"Spain",2010,3.7377,7.26062444444444,12.4109966412642,3.0399,7.42180722222222,19.2011109041633,9.129,7.75299166666667,1.89339893340278,1,1,0.00285714285714286
"Spain",2011,3.8437219761984,7.17205040136173,12.4182835489483,3.1710208768656,7.31191079692851,19.2033320003286,9.0907527479106,7.7781446888067,1.8652335742829,1,1,0.00356357926571429
"Spain",2012,7.5969,4.03652922077922,12.6762400855292,7.8127,3.42157727272727,19.2819588059711,7.7368,8.66856168831169,0.86817984380545,1,1,0.0285714285714286
"Spain",2013,7.5969,4.03652922077922,12.6762400855292,7.8127,3.42157727272727,19.2819588059711,7.7368,8.66856168831169,0.86817984380545,1,1,0.0285714285714286
"Spain",2014,7.5969,4.03652922077922,12.6762400855292,7.8127,3.42157727272727,19.2819588059711,7.7368,8.66856168831169,0.86817984380545,1,1,0.0285714285714286
"Sweden",2000,3.4447,5.87741467889908,5.91810070893107,4.4407,5.07640871559633,0.404125571085137,7.4445,6.25208119266055,1.42186261209684,1,1,0
"Sweden",2001,3.4447,5.87741467889908,5.91810070893107,4.4407,5.07640871559633,0.404125571085137,7.4445,6.25208119266055,1.42186261209684,1,1,0
"Sweden",2002,3.4447,5.87752922926924,5.91865811293726,4.4407,5.00350289873795,0.338681900477965,7.4445,6.32789872199896,1.27052026252368,1,1,0
"Sweden",2003,3.4447,5.87800195121951,5.92095838580869,4.4407,4.70263804878049,0.0686115413989297,7.4445,6.64077951219512,0.64596662251731,1,1,0
"Sweden",2004,3.4447,5.87800195121951,5.92095838580869,4.4407,4.70263804878049,0.0686115413989297,7.4445,6.64077951219512,0.64596662251731,1,1,0
"Sweden",2005,3.4447,5.87800195121951,5.92095838580869,4.4407,4.70263804878049,0.0686115413989297,7.4445,6.64077951219512,0.64596662251731,1,1,0
"Sweden",2006,4.34367900816956,5.23629597592139,8.35444011438355,4.72235404060935,4.52799578524975,0.700684899933358,7.60957831058631,6.46951151042087,1.65994413862306,1,1,0
"Sweden",2007,7.20594550561798,3.19316315789474,16.1024221701992,5.61911460674157,3.97195087719298,2.71314835194042,8.13517247191011,5.92420994152047,4.88835531078698,1,1,0
"Sweden",2008,7.20594550561798,3.19316315789474,16.1024221701992,5.61911460674157,3.97195087719298,2.71314835194042,8.13517247191011,5.92420994152047,4.88835531078698,1,1,0
"Sweden",2009,7.20594550561798,3.19316315789474,16.1024221701992,5.61911460674157,3.97195087719298,2.71314835194042,8.13517247191011,5.92420994152047,4.88835531078698,1,1,0
"Sweden",2010,7.23693927325471,3.37269253125613,14.9883096561429,5.6147282464932,4.10050448138887,2.33765673616085,8.16131790993376,5.74203439954303,5.96290145717386,1,1,0
"Sweden",2011,7.31547687861272,3.82761647727273,12.1651701792356,5.60361329479769,4.42625681818182,1.38616827302934,8.22756994219653,5.28040511363636,8.68578052670208,1,1,0
"Sweden",2012,7.31547687861272,3.82761647727273,12.1651701792356,5.60361329479769,4.42625681818182,1.38616827302934,8.22756994219653,5.28040511363636,8.68578052670208,1,1,0
"Sweden",2013,7.31547687861272,3.82761647727273,12.1651701792356,5.60361329479769,4.42625681818182,1.38616827302934,8.22756994219653,5.28040511363636,8.68578052670208,1,1,0
"Sweden",2014,6.35546933793993,4.62022244876331,12.3625621091722,5.23003851971,4.81659169647047,1.9475480628918,7.74473074293534,5.48912653277675,6.54377444780874,1,1,0
"Switzerland",2000,4.9400901734104,4.47018518518519,0.220810697958944,4.77664624277457,4.15393333333333,0.387771367584766,5.71727919075145,5.74856296296296,0.000978674403782091,1,1,0
"Switzerland",2001,4.9400901734104,4.47018518518519,0.220810697958944,4.77664624277457,4.15393333333333,0.387771367584766,5.71727919075145,5.74856296296296,0.000978674403782091,1,1,0
"Switzerland",2002,4.9400901734104,4.47018518518519,0.220810697958944,4.77664624277457,4.15393333333333,0.387771367584766,5.71727919075145,5.74856296296296,0.000978674403782091,1,1,0
"Switzerland",2003,4.94524155007311,4.43351740573822,0.290426016089767,4.78629664514909,4.12525952681436,0.460959573139959,5.69636935878483,5.74098592195585,0.00489410516733524,1,1,0
"Switzerland",2004,5.02938070175439,3.83461034482759,1.42747620579099,4.94391988304094,3.65692068965517,1.65636692377561,5.35484210526316,5.6172275862069,0.0688461406100768,1,1,0
"Switzerland",2005,5.02938070175439,3.83461034482759,1.42747620579099,4.94391988304094,3.65692068965517,1.65636692377561,5.35484210526316,5.6172275862069,0.0688461406100768,1,1,0
"Switzerland",2006,5.02938070175439,3.83461034482759,1.42747620579099,4.94391988304094,3.65692068965517,1.65636692377561,5.35484210526316,5.6172275862069,0.0688461406100768,1,1,0
"Switzerland",2007,4.97636335763295,3.94261430993555,1.53943248491617,4.87480651944447,3.79664037840195,1.95433060422994,5.46601809385285,5.4607048831244,1.301269992539,1,1,0
"Switzerland",2008,4.08516262935215,5.74659516119184,3.61659105257182,3.7186613721235,6.11694286449471,7.38253489582,7.34833922662017,2.8328021401405,22.4038667448842,1,1,0
"Switzerland",2009,5.25611616766467,3.1724303030303,4.34174678247707,5.33723113772455,2.56697878787879,7.67429808182597,5.11396467065868,6.3419303030303,1.50789959428583,1,1,0
"Switzerland",2010,5.25611616766467,3.1724303030303,4.34174678247707,5.33723113772455,2.56697878787879,7.67429808182597,5.11396467065868,6.3419303030303,1.50789959428583,1,1,0
"Switzerland",2011,5.25403392773567,3.15048466573234,4.43297305236212,5.33163518783048,2.54989450726581,7.74077519416802,5.12464135197939,6.33455714898692,1.4705463184608,1,1,0.00046703297
"Switzerland",2012,5.21153173652695,2.70253548387097,6.29506219584174,5.2174119760479,2.20117419354839,9.0976903605776,5.34257125748503,6.18405806451613,0.708100046407393,1,1,0.01
"Switzerland",2013,5.21153173652695,2.70253548387097,6.29506219584174,5.2174119760479,2.20117419354839,9.0976903605776,5.34257125748503,6.18405806451613,0.708100046407393,1,1,0.01
"Switzerland",2014,5.21153173652695,2.70253548387097,6.29506219584174,5.2174119760479,2.20117419354839,9.0976903605776,5.34257125748503,6.18405806451613,0.708100046407393,1,1,0.01
"Turkey",2000,6.19150284900285,7.67871326530612,2.21179482236096,6.96005413105413,NA,NA,5.21832421652422,NA,NA,1,1,0.00545454545454545
"Turkey",2001,6.19150284900285,7.67871326530612,2.21179482236096,6.96005413105413,NA,NA,5.21832421652422,NA,NA,1,1,0.00545454545454545
"Turkey",2002,6.28988436522016,7.13319788745203,3.65025377669115,7.15030842861419,NA,NA,5.63982534487614,NA,NA,1,1,0.00680319680727273
"Turkey",2003,6.9873,3.2661,13.84732944,8.499,4.6154,15.08234896,8.6278,7.3887,1.53536881,1,1,0.0163636363636364
"Turkey",2004,6.9873,3.2661,13.84732944,8.499,4.6154,15.08234896,8.6278,7.3887,1.53536881,1,1,0.0163636363636364
"Turkey",2005,6.9873,3.2661,13.84732944,8.499,4.6154,15.08234896,8.6278,7.3887,1.53536881,1,1,0.0163636363636364
"Turkey",2006,6.9873,3.2661,13.84732944,8.499,4.6154,15.08234896,8.6278,7.3887,1.53536881,1,1,0.0163636363636364
"Turkey",2007,6.9873,3.89223069982889,10.3382403973913,8.499,5.22123341474072,11.4541424181385,8.6278,6.74371530855562,4.35494657918022,1,1,0.0138861138836364
"Turkey",2008,6.9873,5.10409656862745,3.54645516393335,8.499,6.39381421568627,4.4318071864766,8.6278,5.49535784313726,9.81219386609093,1,1,0.00909090909090909
"Turkey",2009,6.9873,5.10409656862745,3.54645516393335,8.499,6.39381421568627,4.4318071864766,8.6278,5.49535784313726,9.81219386609093,1,1,0.00909090909090909
"Turkey",2010,6.9873,5.10409656862745,3.54645516393335,8.499,6.39381421568627,4.4318071864766,8.6278,5.49535784313726,9.81219386609093,1,1,0.00909090909090909
"Turkey",2011,6.9873,4.78143933133532,4.97460797977177,8.499,6.12584614338893,5.7068933907769,8.6278,5.85175096298265,7.83917289858476,1,1,0.00998001998
"Turkey",2012,6.9873,4.44428064516129,6.46694743908429,8.499,5.84583456221198,7.03928684027289,8.6278,6.22416175115207,5.77747683132473,1,1,0.0109090909090909
"Turkey",2013,6.9873,4.44428064516129,6.46694743908429,8.499,5.84583456221198,7.03928684027289,8.6278,6.22416175115207,5.77747683132473,1,1,0.0109090909090909
"Turkey",2014,6.9873,4.44428064516129,6.46694743908429,8.499,5.84583456221198,7.03928684027289,8.6278,6.22416175115207,5.77747683132473,1,1,0.0109090909090909
"United Kingdom",2000,4.3562,6.54575420168067,4.79414760209748,4.2779,6.02387100840336,3.04841476218505,6.9923,4.19981680672269,7.79796238473625,1,1,0.00303490136570561
"United Kingdom",2001,4.3562,6.48581732747983,4.53799465394117,4.2779,5.96442849781638,2.84705830483308,6.9923,4.24046958816573,7.57382407364087,1,1,0.00303490136570561
"United Kingdom",2002,4.3562,6.44035795918367,4.34371439882865,4.2779,5.91934408163265,2.69433867312687,6.9923,4.27130285714286,7.40382545143674,1,1,0.00303490136570561
"United Kingdom",2003,4.3562,6.44035795918367,4.34371439882865,4.2779,5.91934408163265,2.69433867312687,6.9923,4.27130285714286,7.40382545143674,1,1,0.00303490136570561
"United Kingdom",2004,4.3562,6.44035795918367,4.34371439882865,4.2779,5.91934408163265,2.69433867312687,6.9923,4.27130285714286,7.40382545143674,1,1,0.00303490136570561
"United Kingdom",2005,4.3562,6.43564733780114,4.3241128363126,4.2779,5.92286577544128,2.70591888894596,6.9923,4.22540212789592,7.65682575774072,1,1,0.0051077989894812
"United Kingdom",2006,4.3562,6.43318362369338,4.31386097309048,4.2779,5.92470766550523,2.71197548716678,6.9923,4.20139547038328,7.78914809343515,1,1,0.00619195046439629
"United Kingdom",2007,4.3562,6.43318362369338,4.31386097309048,4.2779,5.92470766550523,2.71197548716678,6.9923,4.20139547038328,7.78914809343515,1,1,0.00619195046439629
"United Kingdom",2008,4.3562,6.43318362369338,4.31386097309048,4.2779,5.92470766550523,2.71197548716678,6.9923,4.20139547038328,7.78914809343515,1,1,0.00619195046439629
"United Kingdom",2009,4.3562,6.43318362369338,4.31386097309048,4.2779,5.92470766550523,2.71197548716678,6.9923,4.20139547038328,7.78914809343515,1,1,0.00619195046439629
"United Kingdom",2010,5.99419346582711,5.08844181198603,5.76300257527632,5.66497378366774,4.88119891451092,3.89637607559302,4.65763818629437,5.99275263318084,11.2403264662137,1,1,0.0041894328577185
"United Kingdom",2011,6.90418983516484,4.34136302816901,6.5680812426564,6.43557032967033,4.30147183098592,4.55437640208707,3.36060384615385,6.98795105633803,13.157647783231,1,1,0.00307692307692308
"United Kingdom",2012,6.90418983516484,4.34136302816901,6.5680812426564,6.43557032967033,4.30147183098592,4.55437640208707,3.36060384615385,6.98795105633803,13.157647783231,1,1,0.00307692307692308
"United Kingdom",2013,6.90418983516484,4.34136302816901,6.5680812426564,6.43557032967033,4.30147183098592,4.55437640208707,3.36060384615385,6.98795105633803,13.157647783231,1,1,0.00307692307692308
"United Kingdom",2014,6.90418983516484,4.34136302816901,6.5680812426564,6.43557032967033,4.30147183098592,4.55437640208707,3.36060384615385,6.98795105633803,13.157647783231,1,1,0.00307692307692308
