"Country","Year","Desirable","Undesirable","USldrSpread","democ","autoc","DefIncrease","DefDecrease","DefSame","DefIDK","DefSpread","EUldrSpread","EUfvrSpread","NATOessSpread","NATO.EUspread","IntlCnf","CivilWar","GDPpCap","Population","NATOally","Attacks","IntAt","DomAt","Unit.Currency","DefSpnd","DefSpnd_lead","EquSpnd","EquSpnd_lead","InfSpnd","InfSpnd_lead","OnMspnd","OnMspnd_lead","PerSpnd","PerSpnd_lead","RnDspnd","RnDspnd_lead","ThreatRatio"
"Bulgaria",2002,NA,NA,NA,9,0,NA,NA,NA,NA,NA,NA,NA,NA,NA,0,0,2417,7868468,0,0,0,0,"USD",8.08e+08,8.22e+08,0,0,0,0,0,0,0,0,0,0,1.35458920008442
"Bulgaria",2003,NA,NA,NA,9,0,NA,NA,NA,NA,NA,NA,NA,NA,NA,0,0,3053,7823557,0,0,0,0,"USD",8.22e+08,8.2e+08,0,144267899.1,0,2459111.916,0,235255040,0,437721921.1,0,0,1.15396511406158
"Bulgaria",2004,NA,NA,NA,9,0,NA,NA,NA,NA,NA,NA,NA,NA,NA,0,0,3632,7781161,1,0,0,0,"USD",8.2e+08,8.19e+08,144267899.1,135924464.3,2459111.916,6550576.595,235255040,265298352.1,437721921.1,411048681.3,0,0,1.05772356035327
"Bulgaria",2005,NA,NA,NA,9,0,NA,NA,NA,NA,NA,NA,NA,NA,NA,0,0,3995,7739900,1,0,0,0,"USD",8.19e+08,8.15e+08,135924464.3,114859895.1,6550576.595,4887655.112,265298352.1,272894077.1,411048681.3,421967558,0,0,0.990765090772961
"Bulgaria",2006,NA,NA,NA,9,0,NA,NA,NA,NA,NA,NA,NA,NA,NA,0,0,4492,7699020,1,0,0,0,"USD",8.15e+08,9.4e+08,114859895.1,225604627,4887655.112,19740404.87,272894077.1,273545610.3,421967558,421128637.1,0,0,0.97235412998411
"Bulgaria",2007,NA,NA,NA,9,0,NA,NA,NA,NA,NA,NA,NA,NA,NA,0,0,5840,7545338,1,0,0,0,"USD",9.4e+08,8.17e+08,225604627,174759385.1,19740404.87,35115203.55,273545610.3,239273363.7,421128637.1,366668055.7,0,0,0.892798488276947
"Bulgaria",2008,NA,NA,NA,9,0,30,19,21,31,11,NA,NA,NA,NA,0,0,7205,7492561,1,0,0,0,"USD",8.17e+08,7.63e+08,174759385.1,108387575.2,35115203.55,46560859.78,239273363.7,156475020.6,366668055.7,451869327.7,0,0,0.888048918895241
"Bulgaria",2009,NA,NA,NA,9,0,NA,NA,NA,NA,NA,NA,NA,NA,NA,0,0,7019,7444443,1,0,0,0,"USD",7.63e+08,7.24e+08,108387575.2,111440910.1,46560859.78,17367414.56,156475020.6,129531966.9,451869327.7,465301981.7,0,0,0.970872900147602
"Bulgaria",2010,NA,NA,NA,9,0,NA,NA,NA,NA,NA,NA,NA,NA,NA,0,0,6686,7395599,1,0,0,0,"USD",7.24e+08,5.81e+08,111440910.1,36620702.07,17367414.56,8719214.778,129531966.9,144157684.3,465301981.7,391783384,0,0,0.868384396789674
"Bulgaria",2011,NA,NA,NA,9,0,26,24,44,6,2,NA,NA,NA,NA,0,0,7589,7348328,1,0,0,0,"USD",5.81e+08,5.57e+08,36620702.07,20619713.97,8719214.778,4458316.533,144157684.3,171645186.5,391783384,360566349.6,0,0,0.808705322952817
"Bulgaria",2012,NA,NA,NA,9,0,12,30,51,7,-18,NA,NA,NA,NA,0,0,7035,7305888,1,1,1,0,"USD",5.57e+08,5.65e+08,20619713.97,12994027.35,4458316.533,7344450.239,171645186.5,118076161.5,360566349.6,426543071.6,0,0,0.804021072770154
"Bulgaria",2013,NA,NA,NA,9,0,NA,NA,NA,NA,NA,NA,NA,NA,NA,0,0,7170,7265115,1,0,0,0,"USD",5.65e+08,NA,12994027.35,NA,7344450.239,NA,118076161.5,NA,426543071.6,NA,0,NA,0.814551999348246
"Bulgaria",2014,NA,NA,NA,NA,NA,NA,NA,NA,NA,NA,NA,NA,NA,NA,0,0,NA,NA,1,NA,NA,NA,NA,NA,NA,NA,NA,NA,NA,NA,NA,NA,NA,NA,NA,NA
"France",2002,48,48,0,9,0,28,33,47,2,-5,71,NA,28,NA,0,0,28247,61803229,1,0,0,0,"USD",4.6456e+10,4.7905e+10,8873076895,9820449681,1951147799,2299422364,7432943996,7568931949,28198731280,28215828600,4274360746,4261303347,0.0572846889952153
"France",2003,27,70,-43,9,0,22,32,43,3,-10,NA,NA,NA,NA,0,0,33605,62242474,1,4,4,0,"USD",4.7905e+10,4.9439e+10,9820449681,10332735090,2299422364,2521385118,7568931949,8206861365,28215828600,28377942310,4261303347,4089452519,0.0564886255924171
"France",2004,24,73,-49,9,0,19,29,44,8,-10,NA,NA,23,-23,0,0,36943,62702121,1,1,0,1,"USD",4.9439e+10,4.8347e+10,10332735090,10297807510,2521385118,2272286165,8206861365,7687095748,28377942310,28040978200,4089452519,3954539175,0.0544225806451613
"France",2005,28,69,-41,9,0,NA,NA,NA,NA,NA,66,NA,24,-48,0,0,36805,63176246,1,2,0,2,"USD",4.8347e+10,4.9381e+10,10297807510,11258960690,2272286165,1827112041,7687095748,7999787857,28040978200,28344927350,3954539175,4537415423,0.0525045454545455
"France",2006,30,65,-35,9,0,NA,NA,NA,NA,NA,39,NA,23,-27,0,0,37560,63617975,1,3,2,1,"USD",4.9381e+10,4.8965e+10,11258960690,10478415510,1827112041,1909617781,7999787857,8568797734,28344927350,27958762890,4537415423,4407898545,0.0510438053097345
"France",2007,28,64,-36,9,0,NA,NA,NA,NA,NA,52,NA,19,NA,0,0,42011,64012572,1,2,0,2,"USD",4.8965e+10,4.7979e+10,10478415510,10075616960,1909617781,1775227751,8568797734,8588263983,27958762890,27540019700,4407898545,3817939724,0.0498796536796537
"France",2008,28,68,-40,9,0,19,23,54,4,-4,46,NA,28,-22,0,0,45985,64371099,1,1,0,1,"USD",4.7979e+10,4.1153e+10,10075616960,11111233590,1775227751,905359773.7,8588263983,8847834152,27540019700,20288289470,3817939724,4011313572,0.0513588744588745
"France",2009,52,42,10,9,0,NA,NA,NA,NA,NA,49,33,18,-13,0,0,43367,64702921,1,0,0,0,"USD",4.1153e+10,4.081e+10,11111233590,12324600150,905359773.7,1265107963,8847834152,7753887512,20288289470,19425528710,4011313572,2501411727,0.0525022222222222
"France",2010,46,51,-5,9,0,NA,NA,NA,NA,NA,46,33,26,-3,0,0,41358,65023142,1,1,1,0,"USD",4.081e+10,3.9489e+10,12324600150,11135768230,1265107963,1066190575,7753887512,7818730884,19425528710,19507338670,2501411727,1173719959,0.0503676855895197
"France",2011,48,49,-1,9,0,11,33,55,1,-22,54,22,24,-2,0,0,43810,65343588,1,3,2,1,"USD",3.9489e+10,3.9551e+10,11135768230,12102595830,1066190575,1344732870,7818730884,6684113384,19507338670,19419524680,1173719959,1090185255,0.0474726495726496
"France",2012,56,43,13,9,0,8,38,54,0,-30,54,43,25,-12,0,0,39982,65676758,1,3,3,0,"USD",3.9551e+10,3.9402e+10,12102595830,11268972000,1344732870,906246000,6684113384,7840998000,19419524680,19385784000,1090185255,942502122.1,0.0468451063829787
"France",2013,53,44,9,9,0,11,31,57,1,-20,38,27,28,-20,0,0,40638,66028467,1,5,2,3,"USD",3.9402e+10,NA,11268972000,NA,906246000,NA,7840998000,NA,19385784000,NA,942502122.1,NA,0.0449770212765957
"France",2014,52,48,4,NA,NA,NA,NA,NA,NA,NA,43,23,24,-18,0,0,NA,NA,1,NA,NA,NA,NA,NA,NA,NA,NA,NA,NA,NA,NA,NA,NA,NA,NA,NA
"Germany",2002,68,27,41,10,0,14,45,38,2,-31,68,NA,52,NA,0,0,29288,82488495,1,1,0,1,"USD",3.534e+10,3.4831e+10,4982979615,4806737029,1554972362,1428088538,7810202092,7662914105,20992126890,20933688080,1035504928,1251057189,0.0368503546099291
"Germany",2003,45,50,-5,10,0,15,43,37,5,-28,NA,NA,NA,NA,0,0,34314,82534176,1,1,1,0,"USD",3.4831e+10,3.3806e+10,4806737029,5003328809,1428088538,1284638478,7662914105,7471186937,20933688080,20047121510,1251057189,1093135479,0.0380296428571429
"Germany",2004,37,60,-23,10,0,21,32,39,8,-11,NA,NA,43,-20,0,0,37209,82516260,1,0,0,0,"USD",3.3806e+10,3.3641e+10,5003328809,4777071791,1284638478,1244729974,7471186937,8040282804,20047121510,19612907430,1093135479,1088958427,0.0381492957746479
"Germany",2005,40,59,-19,10,0,NA,NA,NA,NA,NA,74,NA,25,-30,0,0,36562,82469422,1,0,0,0,"USD",3.3641e+10,3.3339e+10,4777071791,5000815095,1244729974,1200195623,8040282804,8101320453,19612907430,19036436130,1088958427,1252827287,0.0374870629370629
"Germany",2006,44,54,-10,10,0,NA,NA,NA,NA,NA,78,NA,15,-33,0,0,37411,82376451,1,1,1,0,"USD",3.3339e+10,3.3626e+10,5000815095,4909401140,1200195623,1378667444,8101320453,8910899330,19036436130,18460693330,1252827287,1223214358,0.036589527027027
"Germany",2007,38,59,-21,10,0,NA,NA,NA,NA,NA,75,NA,14,NA,0,0,42173,82266372,1,0,0,0,"USD",3.3626e+10,3.5132e+10,4909401140,6007654956,1378667444,1440431890,8910899330,8747988796,18460693330,18936409480,1223214358,1270486093,0.0361277777777778
"Germany",2008,39,59,-20,10,0,16,34,44,6,-18,74,NA,26,-28,0,0,46205,82110097,1,0,0,0,"USD",3.5132e+10,3.6171e+10,6007654956,6366046939,1440431890,1736194620,8747988796,8861826704,18936409480,19242823700,1270486093,1250557885,0.0352728155339806
"Germany",2009,65,33,32,10,0,NA,NA,NA,NA,NA,78,46,29,7,0,0,43406,81902307,1,0,0,0,"USD",3.6171e+10,3.6536e+10,6366046939,6430277063,1736194620,1899854587,8861826704,8987773623,19242823700,19254295530,1250557885,1206824541,0.0387945205479452
"Germany",2010,59,39,20,10,0,NA,NA,NA,NA,NA,75,39,15,-4,0,0,42392,81776930,1,1,1,0,"USD",3.6536e+10,3.5809e+10,6430277063,5872734654,1899854587,1468183663,8987773623,9740145279,19254295530,18728294050,1206824541,969074842.7,0.0360621710526316
"Germany",2011,60,36,24,10,0,14,36,47,3,-22,77,50,20,-8,0,0,45871,81797673,1,6,1,5,"USD",3.5809e+10,3.6935e+10,5872734654,6094324823,1468183663,1292735569,9740145279,10858978780,18728294050,18689262790,969074842.7,946479368,0.0339453968253968
"Germany",2012,61,38,23,10,0,6,45,47,3,-39,74,51,23,-17,0,0,42937,80425823,1,0,0,0,"USD",3.6935e+10,3.6739e+10,6094324823,5878240000,1292735569,1359343000,10858978780,11242134000,18689262790,18222544000,946479368,944871998.2,0.0333889240506329
"Germany",2013,63,34,29,10,0,5,47,47,1,-42,74,51,24,-15,0,0,44238,80621788,1,0,0,0,"USD",3.6739e+10,NA,5878240000,NA,1359343000,NA,11242134000,NA,18222544000,NA,944871998.2,NA,0.0325879746835443
"Germany",2014,60,38,22,NA,NA,NA,NA,NA,NA,NA,75,52,32,-38,0,0,NA,NA,1,NA,NA,NA,NA,NA,NA,NA,NA,NA,NA,NA,NA,NA,NA,NA,NA,NA
"Italy",2002,63,33,30,10,0,12,52,33,2,-40,80,NA,41,NA,0,0,25838,57059007,1,2,0,2,"USD",3.18e+10,3.192e+10,3943252252,4117723927,254403371.1,351123745.7,4070453938,4245405289,23532311830,23206087560,159696171.1,NA,0.0401133333333333
"Italy",2003,46,50,-4,10,0,23,27,37,13,-4,NA,NA,NA,NA,0,0,31010,57313203,1,6,0,6,"USD",3.192e+10,3.1967e+10,4117723927,3740133329,351123745.7,191801709.2,4245405289,3963901989,23206087560,24071114500,NA,NA,0.0409585635359116
"Italy",2004,41,56,-15,10,0,13,34,35,18,-21,NA,NA,29,-29,0,0,34012,57685327,1,1,0,1,"USD",3.1967e+10,3.0806e+10,3740133329,2803312942,191801709.2,246445093.8,3963901989,4004732775,24071114500,23751145920,NA,397585713.3,0.0412271739130435
"Italy",2005,37,62,-25,10,0,NA,NA,NA,NA,NA,66,NA,9,-36,0,0,33737,57969484,1,3,0,3,"USD",3.0806e+10,2.992e+10,2803312942,2154235895,246445093.8,179519657.9,4004732775,3081754127,23751145920,24504433300,397585713.3,139201717.4,0.0401681081081081
"Italy",2006,34,62,-28,10,0,NA,NA,NA,NA,NA,67,NA,11,-22,0,0,34353,58143979,1,3,0,3,"USD",2.992e+10,2.2972e+10,2154235895,3216048895,179519657.9,229717778.2,3081754127,2802556894,24504433300,16723454250,139201717.4,495344049.2,0.039352380952381
"Italy",2007,37,61,-24,10,0,NA,NA,NA,NA,NA,63,NA,16,NA,0,0,38087,58438310,1,0,0,0,"USD",2.2972e+10,2.4223e+10,3216048895,3076287528,229717778.2,387563783.1,2802556894,3609187730,16723454250,17149697400,495344049.2,132593018,0.0391927083333333
"Italy",2008,40,59,-19,10,0,38,22,34,6,16,67,NA,14,-15,0,0,41169,58826731,1,0,0,0,"USD",2.4223e+10,2.3009e+10,3076287528,2600007863,387563783.1,322124868,3609187730,3060186246,17149697400,17003591250,132593018,70245037.03,0.0392842105263158
"Italy",2009,55,43,12,10,0,NA,NA,NA,NA,NA,67,60,25,14,0,0,38536,59095365,1,2,0,2,"USD",2.3009e+10,2.2597e+10,2600007863,2463096986,322124868,316361080.8,3060186246,2847249727,17003591250,16970512260,70245037.03,66109166.23,0.0440117318435754
"Italy",2010,55,42,13,10,0,NA,NA,NA,NA,NA,72,57,16,15,0,0,36450,59277417,1,7,2,5,"USD",2.2597e+10,2.2403e+10,2463096986,2621129906,316361080.8,291236656.2,2847249727,2733144004,16970512260,16757309140,66109166.23,68730420.61,0.041207650273224
"Italy",2011,56,39,17,10,0,11,45,40,4,-34,72,56,35,14,0,0,38367,59379449,1,2,0,2,"USD",2.2403e+10,2.0897e+10,2621129906,1859822529,291236656.2,208968823.5,2733144004,2737491587,16757309140,16111496290,68730420.61,60477370.55,0.040045652173913
"Italy",2012,48,49,-1,10,0,5,56,34,5,-51,49,40,13,-3,0,0,34336,59539717,1,2,0,2,"USD",2.0897e+10,1.8983e+10,1859822529,2581688000,208968823.5,360677000,2737491587,1423725000,16111496290,14597927000,60477370.55,0,0.0405346368715084
"Italy",2013,55,40,15,10,0,13,53,29,5,-40,54,42,9,-13,0,0,34349,59831093,1,4,0,4,"USD",1.8983e+10,NA,2581688000,NA,360677000,NA,1423725000,NA,14597927000,NA,0,NA,0.0405494318181818
"Italy",2014,55,42,13,NA,NA,NA,NA,NA,NA,NA,56,33,8,-26,0,0,NA,NA,1,NA,NA,NA,NA,NA,NA,NA,NA,NA,NA,NA,NA,NA,NA,NA,NA,NA
"Netherlands",2002,75,23,52,10,0,6,38,53,2,-32,86,NA,49,NA,0,0,33467,16148929,1,0,0,0,"USD",8.359e+09,8.473e+09,1329110650,1262440563,309289899.8,245709908.1,2440882452,2499462859,4279903478,4456669368,73378199.41,76703383.65,0.086332298136646
"Netherlands",2003,57,41,16,10,0,12,37,41,10,-25,NA,NA,NA,NA,0,0,39824,16225302,1,2,2,0,"USD",8.473e+09,8.579e+09,1262440563,1432738192,245709908.1,214481765.3,2499462859,2599518995,4456669368,4332531659,76703383.65,54103252.5,0.0851021671826625
"Netherlands",2004,59,40,19,10,0,17,29,39,15,-12,NA,NA,47,-24,0,0,43271,16281779,1,1,0,1,"USD",8.579e+09,8.532e+09,1432738192,1365162969,214481765.3,307161668.1,2599518995,2551148299,4332531659,4308795621,54103252.5,87274692.94,0.0810729483282675
"Netherlands",2005,58,40,18,10,0,NA,NA,NA,NA,NA,73,NA,41,-41,0,0,43472,16319868,1,0,0,0,"USD",8.532e+09,8.877e+09,1365162969,1491281483,307161668.1,310683642.2,2551148299,2831659482,4308795621,4243050885,87274692.94,92152860.6,0.0779732142857143
"Netherlands",2006,51,44,7,10,0,NA,NA,NA,NA,NA,68,NA,37,-48,0,0,45231,16346101,1,0,0,0,"USD",8.877e+09,8.976e+09,1491281483,1714338648,310683642.2,260292255.4,2831659482,2764483265,4243050885,4236480847,92152860.6,83419103.03,0.0734555873925501
"Netherlands",2007,52,44,8,10,0,NA,NA,NA,NA,NA,72,NA,39,NA,0,0,51360,16381696,1,0,0,0,"USD",8.976e+09,8.893e+09,1714338648,1636359712,260292255.4,275691038.4,2764483265,2463432827,4236480847,4526668986,83419103.03,80499293.78,0.0711664374140303
"Netherlands",2008,52,45,7,10,0,18,37,35,10,-19,66,NA,44,-32,0,0,57339,16445593,1,1,0,1,"USD",8.893e+09,9.141e+09,1636359712,1608827488,275691038.4,310796219.4,2463432827,2650908930,4526668986,4579673703,80499293.78,87658137.12,0.0722102425876011
"Netherlands",2009,67,27,40,10,0,NA,NA,NA,NA,NA,65,49,57,-26,0,0,54071,16530388,1,0,0,0,"USD",9.141e+09,8.795e+09,1608827488,1380874932,310796219.4,307838360.7,2650908930,2515479176,4579673703,4599984647,87658137.12,77691500.49,0.076600278551532
"Netherlands",2010,68,28,40,10,0,NA,NA,NA,NA,NA,63,49,46,-15,0,0,51145,16615394,1,0,0,0,"USD",8.795e+09,8.372e+09,1380874932,1205625246,307838360.7,318151106.5,2515479176,2268919733,4599984647,4579701454,77691500.49,74872187.26,0.0761501377410468
"Netherlands",2011,69,25,44,10,0,14,38,47,1,-24,61,32,50,-14,0,0,53541,16693074,1,1,0,1,"USD",8.372e+09,8.174e+09,1205625246,1095287397,318151106.5,302430102.2,2268919733,2067967996,4579701454,4699927264,74872187.26,78966661.04,0.0727181571815718
"Netherlands",2012,65,27,38,10,0,7,37,51,5,-30,50,28,48,-9,0,0,48015,16754962,1,0,0,0,"USD",8.174e+09,7.777e+09,1095287397,1018787000,302430102.2,264418000,2067967996,2162006000,4699927264,4324012000,78966661.04,73353999.98,0.0754173553719008
"Netherlands",2013,64,31,33,10,0,9,40,50,1,-31,47,32,48,-24,0,0,48564,16804224,1,0,0,0,"USD",7.777e+09,NA,1018787000,NA,264418000,NA,2162006000,NA,4324012000,NA,73353999.98,NA,0.0757059639389736
"Netherlands",2014,68,27,41,NA,NA,NA,NA,NA,NA,NA,51,37,66,-27,0,0,NA,NA,1,NA,NA,NA,NA,NA,NA,NA,NA,NA,NA,NA,NA,NA,NA,NA,NA,NA
"Poland",2002,64,22,42,10,0,45,14,36,8,31,50,NA,38,NA,0,0,6047,38230364,1,0,0,0,"USD",4.954e+09,4.572e+09,549938672.5,566983513.8,84224841.73,96021401.53,1104831747,955641567.6,3215407193,2953801209,0,0,0.350996296296296
"Poland",2003,53,34,19,10,0,44,14,23,19,30,NA,NA,NA,NA,1,0,6444,38204570,1,0,0,0,"USD",4.572e+09,4.683e+09,566983513.8,683648034.8,96021401.53,177935789.9,955641567.6,988011886,2953801209,2837607597,0,15847594.17,0.344957142857143
"Poland",2004,39,47,-8,10,0,41,19,23,17,22,NA,NA,20,6,0,0,7241,38182222,1,0,0,0,"USD",4.683e+09,5.429e+09,683648034.8,792607520,177935789.9,293156206,988011886,1232341829,2837607597,3110713075,15847594.17,11820888.09,0.329680272108844
"Poland",2005,42,44,-2,10,0,NA,NA,NA,NA,NA,49,NA,11,15,0,0,8416,38165445,1,0,0,0,"USD",5.429e+09,5.864e+09,792607520,1067325852,293156206,222848254.8,1232341829,1419191518,3110713075,3155062134,11820888.09,9742701.076,0.338549342105263
"Poland",2006,39,44,-5,10,0,NA,NA,NA,NA,NA,54,NA,11,8,0,0,9252,38141267,1,0,0,0,"USD",5.864e+09,6.624e+09,1067325852,1232139613,222848254.8,331220326,1419191518,1457369434,3155062134,3603677147,9742701.076,23832097.62,0.331603715170279
"Poland",2007,40,43,-3,10,0,NA,NA,NA,NA,NA,63,NA,7,NA,0,0,11363,38120560,1,0,0,0,"USD",6.624e+09,6.286e+09,1232139613,873801169.1,331220326,295457949.3,1457369434,1144113761,3603677147,3972966467,23832097.62,0,0.324126801152738
"Poland",2008,35,47,-12,10,0,35,18,30,17,17,54,NA,19,20,0,0,14080,38125759,1,0,0,0,"USD",6.286e+09,5.837e+09,873801169.1,928104363.2,295457949.3,291856718,1144113761,1056521319,3972966467,3607349034,0,0,0.329955555555556
"Poland",2009,41,39,2,10,0,NA,NA,NA,NA,NA,52,60,14,26,0,0,11918,38151603,1,0,0,0,"USD",5.837e+09,6.839e+09,928104363.2,1237936428,291856718,273577111.2,1056521319,1443119262,3607349034,3884794980,0,0,0.332178378378378
"Poland",2010,46,41,5,10,0,NA,NA,NA,NA,NA,51,65,15,15,0,0,12684,38183683,1,0,0,0,"USD",6.839e+09,6.622e+09,1237936428,1066063168,273577111.2,317832497.2,1443119262,1410381706,3884794980,3827232987,0,0,0.324861618798956
"Poland",2011,49,30,19,10,0,21,19,55,6,2,54,61,16,13,0,0,13608,38534157,1,0,0,0,"USD",6.622e+09,6.841e+09,1066063168,1039786688,317832497.2,328353690.9,1410381706,1552839330,3827232987,3919722186,0,98926702.53,0.315820895522388
"Poland",2012,39,43,-4,10,0,19,21,49,10,-2,45,50,5,9,0,0,12585,38535873,1,0,0,0,"USD",6.841e+09,6.849e+09,1039786688,952046103.6,328353690.9,383558142.5,1552839330,1582177338,3919722186,3931470960,98926702.53,0,0.341048899755501
"Poland",2013,50,33,17,10,0,22,19,52,6,3,50,58,10,6,0,0,13049,38530725,1,0,0,0,"USD",6.849e+09,NA,952046103.6,NA,383558142.5,NA,1582177338,NA,3931470960,NA,0,NA,0.347019277108434
"Poland",2014,61,28,33,NA,NA,NA,NA,NA,NA,NA,55,57,34,15,0,0,NA,NA,1,NA,NA,NA,NA,NA,NA,NA,NA,NA,NA,NA,NA,NA,NA,NA,NA,NA
"Portugal",2002,NA,NA,NA,10,0,NA,NA,NA,NA,NA,NA,NA,NA,NA,0,0,14989,10419631,1,0,0,0,"USD",2.497e+09,2.438e+09,102361866.2,180393870.4,19973047.06,21939795.05,274629397.1,319345905.7,2099666572,1916075434,20625384.81,19674336,0.0767886597938144
"Portugal",2003,43,44,-1,10,0,32,26,24,18,6,NA,NA,NA,NA,0,0,17851,10458821,1,0,0,0,"USD",2.438e+09,2.605e+09,180393870.4,197982410.8,21939795.05,23445285.49,319345905.7,448065456.1,1916075434,1932933537,19674336,8520600.921,0.0768489583333333
"Portugal",2004,32,49,-17,10,0,16,45,22,16,-29,NA,NA,49,-24,0,0,19679,10483861,1,0,0,0,"USD",2.605e+09,2.8e+09,197982410.8,249215425.1,23445285.49,28001733.15,448065456.1,403224957.4,1932933537,2119731200,8520600.921,8065762.384,0.0777040816326531
"Portugal",2005,44,47,-3,10,0,NA,NA,NA,NA,NA,71,NA,40,-24,0,0,19821,10503330,1,0,0,0,"USD",2.8e+09,2.71e+09,249215425.1,241225223.2,28001733.15,48787123.79,403224957.4,355061845.4,2119731200,2065321574,8065762.384,5852471.113,0.0778629441624366
"Portugal",2006,37,52,-15,10,0,NA,NA,NA,NA,NA,64,NA,25,-39,0,0,20371,10522288,1,0,0,0,"USD",2.71e+09,2.535e+09,241225223.2,212953820.4,48787123.79,17746151.7,355061845.4,309290072.5,2065321574,1995174484,5852471.113,6110711.092,0.08966
"Portugal",2007,33,52,-19,10,0,NA,NA,NA,NA,NA,63,NA,31,NA,0,0,23004,10542964,1,0,0,0,"USD",2.535e+09,2.617e+09,212953820.4,353358968.5,17746151.7,23557264.57,309290072.5,363828863.8,1995174484,1876728744,6110711.092,2993168.035,0.0903756097560976
"Portugal",2008,33,54,-21,10,0,38,26,27,9,12,54,NA,30,-34,0,0,25127,10558177,1,0,0,0,"USD",2.617e+09,2.753e+09,353358968.5,239508800.9,23557264.57,22023797.78,363828863.8,415699183.1,1876728744,2075742941,2993168.035,2454360.823,0.0902135922330097
"Portugal",2009,55,34,21,10,0,NA,NA,NA,NA,NA,64,81,42,-7,0,0,24024,10568247,1,0,0,0,"USD",2.753e+09,2.827e+09,239508800.9,373221234.8,22023797.78,11309734.39,415699183.1,458044242.7,2075742941,1984858385,2454360.823,2042825.856,0.0891
"Portugal",2010,59,37,22,10,0,NA,NA,NA,NA,NA,70,67,36,-12,0,0,22900,10573100,1,0,0,0,"USD",2.827e+09,2.634e+09,373221234.8,318694951.2,11309734.39,0,458044242.7,252848886.9,1984858385,2062298734,2042825.856,2128972.056,0.0787044334975369
"Portugal",2011,58,38,20,10,0,10,49,38,3,-39,57,56,43,-15,0,0,23196,10557560,1,0,0,0,"USD",2.634e+09,2.406e+09,318694951.2,223748827.3,0,0,252848886.9,293519967,2062298734,1886226673,2128972.056,4769094.436,0.06995
"Portugal",2012,55,39,16,10,0,8,45,43,3,-37,51,36,37,-30,0,0,20263,10514844,1,0,0,0,"USD",2.406e+09,2.501e+09,223748827.3,230092000,0,0,293519967,420168000,1886226673,1850740000,4769094.436,4710000,0.0761658031088083
"Portugal",2013,58,37,21,10,0,11,46,41,2,-35,49,29,32,-34,0,0,20779,10459806,1,0,0,0,"USD",2.501e+09,NA,230092000,NA,0,NA,420168000,NA,1850740000,NA,4710000,NA,0.0674842105263158
"Portugal",2014,53,37,16,NA,NA,NA,NA,NA,NA,NA,48,27,42,-36,0,0,NA,NA,1,NA,NA,NA,NA,NA,NA,NA,NA,NA,NA,NA,NA,NA,NA,NA,NA,NA
"Romania",2002,NA,NA,NA,8,0,NA,NA,NA,NA,NA,NA,NA,NA,NA,0,1,2462,21730496,0,0,0,0,"USD",3.231e+09,3.921e+09,0,0,25851544.42,39214087.92,0,0,0,0,3155339.838,3442510.404,0.083101246755663
"Romania",2003,NA,NA,NA,8,0,NA,NA,NA,NA,NA,NA,NA,NA,NA,0,1,3120,21574326,0,0,0,0,"USD",3.921e+09,3.79e+09,0,970364450.7,39214087.92,41695347.49,0,864230838.9,0,1917985985,3442510.404,1932743.378,0.0830282614423617
"Romania",2004,NA,NA,NA,9,0,NA,NA,NA,NA,NA,NA,NA,NA,NA,0,1,3853,21451748,1,0,0,0,"USD",3.79e+09,3.177e+09,970364450.7,635446004.4,41695347.49,57190140.39,864230838.9,676749994.7,1917985985,1811021112,1932743.378,4143804.434,0.0750433781253146
"Romania",2005,NA,NA,NA,9,0,NA,NA,NA,NA,NA,NA,NA,NA,NA,0,1,4908,21319685,1,0,0,0,"USD",3.177e+09,2.675e+09,635446004.4,642008902.6,57190140.39,56175778.98,676749994.7,379855267.4,1811021112,1599672182,4143804.434,10230336.74,0.075859652358706
"Romania",2006,NA,NA,NA,9,0,NA,NA,NA,NA,NA,NA,NA,NA,NA,0,1,5950,21193760,1,0,0,0,"USD",2.675e+09,2.298e+09,642008902.6,305655360.6,56175778.98,25279766.66,379855267.4,305655360.6,1599672182,1661570118,10230336.74,0,0.0713416666666667
"Romania",2007,NA,NA,NA,9,0,NA,NA,NA,NA,NA,NA,NA,NA,NA,0,1,8251,20882982,1,0,0,0,"USD",2.298e+09,2.625e+09,305655360.6,438433245.3,25279766.66,28878836.52,305655360.6,343920689.4,1661570118,1814116003,0,0,0.0768486956521739
"Romania",2008,NA,NA,NA,9,0,32,21,22,25,11,NA,NA,NA,NA,0,1,10074,20537875,1,0,0,0,"USD",2.625e+09,2.332e+09,438433245.3,202854926.3,28878836.52,32643321.48,343920689.4,235498247.8,1814116003,1851342661,0,11284364.95,0.0674733870967742
"Romania",2009,NA,NA,NA,9,0,NA,NA,NA,NA,NA,NA,NA,NA,NA,0,0,8405,20367487,1,0,0,0,"USD",2.332e+09,2.215e+09,202854926.3,194963280.2,32643321.48,39878852.76,235498247.8,228195657.5,1851342661,1752454030,11284364.95,5441134.629,0.0660808695652174
"Romania",2010,NA,NA,NA,9,0,NA,NA,NA,NA,NA,NA,NA,NA,NA,0,0,8270,20246871,1,0,0,0,"USD",2.215e+09,1.878e+09,194963280.2,142692197.5,39878852.76,28162933.72,228195657.5,221548412,1752454030,1485125372,5441134.629,4893901.702,0.0655157894736842
"Romania",2011,NA,NA,NA,9,0,17,32,44,7,-15,NA,NA,NA,NA,0,0,9064,20147528,1,0,0,0,"USD",1.878e+09,1.886e+09,142692197.5,77311150.99,28162933.72,22627653.95,221548412,201763247.7,1485125372,1583935776,4893901.702,14671773.81,0.0618145299145299
"Romania",2012,NA,NA,NA,9,0,14,34,45,7,-20,NA,NA,NA,NA,0,0,8246,20076727,1,0,0,0,"USD",1.886e+09,1.9e+09,77311150.99,277342103.3,22627653.95,20895637.92,201763247.7,167165103.3,1583935776,1434200603,14671773.81,4301330.651,0.0668461538461538
"Romania",2013,NA,NA,NA,9,0,22,29,46,3,-7,NA,NA,NA,NA,0,0,9082,19963581,1,0,0,0,"USD",1.9e+09,NA,277342103.3,NA,20895637.92,NA,167165103.3,NA,1434200603,NA,4301330.651,NA,0.0690570247933884
"Romania",2014,NA,NA,NA,NA,NA,NA,NA,NA,NA,NA,NA,NA,NA,NA,0,0,NA,NA,1,NA,NA,NA,NA,NA,NA,NA,NA,NA,NA,NA,NA,NA,NA,NA,NA,NA
"Serbia",2002,NA,NA,NA,NA,NA,NA,NA,NA,NA,NA,NA,NA,NA,NA,0,0,2500,7500031,0,0,0,0,"USD",2.022e+09,1.59e+09,NA,NA,NA,NA,NA,NA,NA,NA,NA,NA,NA
"Serbia",2003,NA,NA,NA,NA,NA,NA,NA,NA,NA,NA,NA,NA,NA,NA,0,0,3206,7480591,0,0,0,0,"USD",1.59e+09,1.302e+09,NA,NA,NA,NA,NA,NA,NA,NA,NA,NA,NA
"Serbia",2004,NA,NA,NA,NA,NA,NA,NA,NA,NA,NA,NA,NA,NA,NA,0,0,3633,7463157,0,0,0,0,"USD",1.302e+09,9.59e+08,NA,NA,NA,NA,NA,NA,NA,NA,NA,NA,0.286686180202404
"Serbia",2005,NA,NA,NA,NA,NA,NA,NA,NA,NA,NA,NA,NA,NA,NA,0,0,3723,7440769,0,0,0,0,"USD",9.59e+08,9.48e+08,NA,NA,NA,NA,NA,NA,NA,NA,NA,NA,0.278797722726414
"Serbia",2006,NA,NA,NA,9,1,NA,NA,NA,NA,NA,NA,NA,NA,NA,0,0,4244,7411569,0,0,0,0,"USD",9.48e+08,1.089e+09,NA,NA,NA,NA,NA,NA,NA,NA,NA,NA,0.264612667696847
"Serbia",2007,NA,NA,NA,9,1,NA,NA,NA,NA,NA,NA,NA,NA,NA,0,0,5512,7381579,0,0,0,0,"USD",1.089e+09,1.037e+09,NA,NA,NA,NA,NA,NA,NA,NA,NA,NA,0.25637462047008
"Serbia",2008,NA,NA,NA,9,1,NA,NA,NA,NA,NA,NA,NA,NA,NA,0,0,6786,7350221,0,0,0,0,"USD",1.037e+09,8.73e+08,NA,NA,NA,NA,NA,NA,NA,NA,NA,NA,0.247143938982223
"Serbia",2009,NA,NA,NA,9,1,NA,NA,NA,NA,NA,NA,NA,NA,NA,0,0,6064,7320807,0,0,0,0,"USD",8.73e+08,7.82e+08,NA,NA,NA,NA,NA,NA,NA,NA,NA,0,0.228316197290698
"Serbia",2010,NA,NA,NA,9,1,NA,NA,NA,NA,NA,NA,NA,NA,NA,0,0,5486,7291436,0,0,0,0,"USD",7.82e+08,7.52e+08,NA,NA,NA,NA,NA,NA,NA,NA,0,0,0.207876381615521
"Serbia",2011,NA,NA,NA,9,1,21,24,52,3,-3,58,39,NA,-11,0,0,6423,7234099,0,0,0,0,"USD",7.52e+08,7.02e+08,NA,0,NA,0,NA,0,NA,0,0,0,0.204048202533151
"Serbia",2012,NA,NA,NA,9,1,17,25,56,3,-8,50,32,NA,-12,0,0,5538,7199077,0,0,0,0,"USD",7.02e+08,6.94e+08,0,0,0,0,0,0,0,0,0,0,0.206816538966596
"Serbia",2013,NA,NA,NA,9,1,29,23,45,3,6,52,29,NA,-11,0,0,6075,7163976,0,0,0,0,"USD",6.94e+08,NA,0,NA,0,NA,0,NA,0,NA,0,NA,0.193098354255601
"Serbia",2014,NA,NA,NA,NA,NA,NA,NA,NA,NA,NA,57,36,NA,-9,0,0,NA,NA,0,NA,NA,NA,NA,NA,NA,NA,NA,NA,NA,NA,NA,NA,NA,NA,NA,NA
"Slovakia",2002,NA,NA,NA,9,0,NA,NA,NA,NA,NA,NA,NA,NA,NA,0,0,7605,5376912,0,NA,NA,NA,"USD",8.31e+08,9.08e+08,0,0,0,0,0,0,0,0,13457631.12,10998581.92,0.33396011643071
"Slovakia",2003,NA,NA,NA,9,0,NA,NA,NA,NA,NA,NA,NA,NA,NA,0,0,9860,5373374,0,NA,NA,NA,"USD",9.08e+08,8.58e+08,0,89233317.89,0,67783001.09,0,266841941,0,434154412,10998581.92,8371816.557,0.338246984540704
"Slovakia",2004,NA,NA,NA,9,0,11,32,32,26,-21,NA,NA,NA,NA,0,0,11637,5372280,1,NA,NA,NA,"USD",8.58e+08,9.33e+08,89233317.89,138032011.5,67783001.09,63420113.38,266841941,296582294.9,434154412,435546955.1,8371816.557,12667745.32,0.324698418405347
"Slovakia",2005,NA,NA,NA,9,0,NA,NA,NA,NA,NA,NA,NA,NA,NA,0,0,12309,5372807,1,NA,NA,NA,"USD",9.33e+08,9.59e+08,138032011.5,121845361.1,63420113.38,49889439.17,296582294.9,316606056.3,435546955.1,471071435.2,12667745.32,9968924.696,0.325560323870172
"Slovakia",2006,NA,NA,NA,10,0,NA,NA,NA,NA,NA,NA,NA,NA,NA,0,0,13476,5373054,1,NA,NA,NA,"USD",9.59e+08,9.82e+08,121845361.1,159021326.1,49889439.17,24540328.11,316606056.3,292520711,471071435.2,505530759,9968924.696,8333541.584,0.304378123987134
"Slovakia",2007,NA,NA,NA,10,0,NA,NA,NA,NA,NA,NA,NA,NA,NA,0,0,16165,5374622,1,NA,NA,NA,"USD",9.82e+08,1.021e+09,159021326.1,149079971.5,24540328.11,20421913.9,292520711,323687335.3,505530759,527906474.3,8333541.584,8497411.047,0.30680177407305
"Slovakia",2008,NA,NA,NA,10,0,11,16,55,19,-5,NA,NA,NA,NA,0,0,18791,5379233,1,NA,NA,NA,"USD",1.021e+09,1.005e+09,149079971.5,132686038.8,20421913.9,45233876.88,323687335.3,266377275,527906474.3,560900073.3,8497411.047,8634093.562,0.269234821559521
"Slovakia",2009,NA,NA,NA,10,0,NA,NA,NA,NA,NA,NA,NA,NA,NA,0,0,17141,5386406,1,NA,NA,NA,"USD",1.005e+09,8.82e+08,132686038.8,86469363.63,45233876.88,37058298.7,266377275,208232345.1,560900073.3,550580437.8,8634093.562,4405495.845,0.279100412912092
"Slovakia",2010,NA,NA,NA,10,0,NA,NA,NA,NA,NA,NA,NA,NA,NA,0,0,16774,5391428,1,NA,NA,NA,"USD",8.82e+08,7.73e+08,86469363.63,54916089.09,37058298.7,7734660.435,208232345.1,173256393.7,550580437.8,537558900.2,4405495.845,5369482.691,0.26717621357195
"Slovakia",2011,NA,NA,NA,10,0,10,43,42,6,-33,NA,NA,NA,NA,0,0,18066,5398384,1,NA,NA,NA,"USD",7.73e+08,7.98e+08,54916089.09,76615229.28,7734660.435,3192301.22,173256393.7,187547696.7,537558900.2,530720077.8,5369482.691,6648952.321,0.256772657245692
"Slovakia",2012,NA,NA,NA,10,0,7,45,42,6,-38,NA,NA,NA,NA,0,0,16763,5407579,1,NA,NA,NA,"USD",7.98e+08,7.52e+08,76615229.28,41360000,3192301.22,4512000,187547696.7,148896000,530720077.8,557232000,6648952.321,3348999.999,0.25937912289614
"Slovakia",2013,NA,NA,NA,10,0,5,48,45,2,-43,NA,NA,NA,NA,0,0,17255,5414095,1,NA,NA,NA,"USD",7.52e+08,NA,41360000,NA,4512000,NA,148896000,NA,557232000,NA,3348999.999,NA,0.258283411747697
"Slovakia",2014,NA,NA,NA,NA,NA,NA,NA,NA,NA,NA,NA,NA,NA,NA,0,0,NA,NA,1,NA,NA,NA,NA,NA,NA,NA,NA,NA,NA,NA,NA,NA,NA,NA,NA,NA
"Spain",2002,NA,NA,NA,10,0,NA,NA,NA,NA,NA,NA,NA,NA,NA,0,0,19803,41431558,1,28,0,28,"USD",1.1998e+10,1.1539e+10,2795506670,2561603401,251955536.8,242313835.2,2363582893,2319289566,6586837605,6427086010,1794059967,1653378033,0.0643209523809524
"Spain",2003,NA,NA,NA,10,0,NA,NA,NA,NA,NA,NA,NA,NA,NA,0,0,24328,42187645,1,11,0,11,"USD",1.1539e+10,1.1808e+10,2561603401,2692256595,242313835.2,271587288.1,2319289566,2479710022,6427086010,6364589056,1653378033,238845076.1,0.0641490740740741
"Spain",2004,18,76,-58,10,0,16,28,38,19,-12,NA,NA,21,-10,0,0,27174,42921895,1,26,0,26,"USD",1.1808e+10,1.165e+10,2692256595,2574636293,271587288.1,209698883.6,2479710022,2516386603,6364589056,6360866136,238845076.1,213784818.8,0.0636955357142857
"Spain",2005,22,73,-51,10,0,NA,NA,NA,NA,NA,69,NA,8,-7,0,0,27973,43653155,1,19,0,19,"USD",1.165e+10,1.2262e+10,2574636293,2660827793,209698883.6,343332618.5,2516386603,2697613431,6360866136,6560105389,213784818.8,194295457.7,0.0605387931034483
"Spain",2006,19,78,-59,10,0,NA,NA,NA,NA,NA,49,NA,4,-23,0,0,29272,44397319,1,17,0,17,"USD",1.2262e+10,1.261e+10,2660827793,2622814853,343332618.5,365680917,2697613431,2938057023,6560105389,6683134001,194295457.7,219358574.3,0.058204132231405
"Spain",2007,18,79,-61,10,0,NA,NA,NA,NA,NA,51,NA,4,NA,0,0,33030,45226803,1,6,0,6,"USD",1.261e+10,1.2859e+10,2622814853,2893183711,365680917,295747668.3,2938057023,2764597768,6683134001,6905065124,219358574.3,258277860.7,0.056348
"Spain",2008,18,78,-60,10,0,29,20,42,10,9,52,NA,25,-15,0,0,36025,45954106,1,32,0,32,"USD",1.2859e+10,1.2285e+10,2893183711,2137549212,295747668.3,282549608.4,2764597768,2665794132,6905065124,7211157398,258277860.7,199832019.5,0.0553960317460317
"Spain",2009,42,56,-14,10,0,NA,NA,NA,NA,NA,60,68,25,15,0,0,33680,46362946,1,15,0,15,"USD",1.2285e+10,1.1204e+10,2137549212,1355674462,282549608.4,145650975.3,2665794132,2610513634,7211157398,7103286026,199832019.5,118742558.2,0.0611729508196721
"Spain",2010,44,53,-9,10,0,NA,NA,NA,NA,NA,54,68,19,14,0,0,31228,46576897,1,1,0,1,"USD",1.1204e+10,1.0122e+10,1355674462,678202134.2,145650975.3,192325978.4,2610513634,2692563697,7103286026,6559328104,118742558.2,122101803.4,0.0586434426229508
"Spain",2011,35,60,-25,10,0,10,50,37,3,-40,48,48,25,4,0,0,31975,46742697,1,0,0,0,"USD",1.0122e+10,1.0895e+10,678202134.2,2494902035,192325978.4,87158149.69,2692563697,2080900824,6559328104,6231807703,122101803.4,107816177,0.0574371900826446
"Spain",2012,38,60,-22,10,0,5,52,42,1,-47,36,29,14,-3,0,0,28336,46761264,1,1,0,1,"USD",1.0895e+10,9.612e+09,2494902035,2201148000,87158149.69,76896000,2080900824,1835892000,6231807703,5498064000,107816177,95121715.82,0.0572226890756303
"Spain",2013,31,67,-36,10,0,6,56,37,1,-50,14,20,9,-18,0,0,28553,46647421,1,4,0,4,"USD",9.612e+09,NA,2201148000,NA,76896000,NA,1835892000,NA,5498064000,NA,95121715.82,NA,0.0573623931623932
"Spain",2014,39,59,-20,NA,NA,NA,NA,NA,NA,NA,32,30,18,-30,0,0,NA,NA,1,NA,NA,NA,NA,NA,NA,NA,NA,NA,NA,NA,NA,NA,NA,NA,NA,NA
"Turkey",2002,NA,NA,NA,8,1,NA,NA,NA,NA,NA,NA,NA,NA,NA,1,1,4161,65022300,1,1,1,0,"USD",2.2746e+10,1.7208e+10,7164994577,6590599613,1455744930,516234956.6,3684854354,2254225977,10417674650,7846771341,0,0,NA
"Turkey",2003,NA,NA,NA,8,1,NA,NA,NA,NA,NA,NA,NA,NA,NA,1,1,5201,65938265,1,10,0,10,"USD",1.7208e+10,1.4449e+10,6590599613,4753883025,516234956.6,447934266.8,2254225977,2080726917,7846771341,7181397761,0,0,NA
"Turkey",2004,16,69,-53,8,1,15,35,32,18,-20,NA,NA,27,NA,1,1,6398,66845635,1,14,0,14,"USD",1.4449e+10,1.4803e+10,4753883025,4411362951,447934266.8,370080784.5,2080726917,2294500864,7181397761,7727286780,0,0,0.0597421524663677
"Turkey",2005,17,74,-57,8,1,NA,NA,NA,NA,NA,9,NA,20,NA,1,1,7523,67743052,1,31,0,31,"USD",1.4803e+10,1.506e+10,4411362951,5180648140,370080784.5,361440567.9,2294500864,2228883502,7727286780,7289051452,0,0,0.0647101449275362
"Turkey",2006,14,69,-55,8,1,NA,NA,NA,NA,NA,-12,NA,9,NA,1,1,7951,68626337,1,20,0,20,"USD",1.506e+10,1.3295e+10,5180648140,3257291329,361440567.9,505212532.7,2228883502,2446292263,7289051452,7086270524,0,0,0.0624457364341085
"Turkey",2007,7,74,-67,8,1,NA,NA,NA,NA,NA,-33,NA,1,NA,1,1,9404,69496513,1,15,0,15,"USD",1.3295e+10,1.3587e+10,3257291329,3722952644,505212532.7,448384807.5,2446292263,2540847243,7086270524,6875233715,0,0,0.0580055555555556
"Turkey",2008,7,71,-64,8,1,18,24,35,22,-6,-29,NA,6,NA,1,1,10509,70363511,1,21,0,21,"USD",1.3587e+10,1.1858e+10,3722952644,3035685791,448384807.5,343886281.1,2540847243,2596934329,6875233715,5881641221,0,0,0.0537352941176471
"Turkey",2009,15,66,-51,8,1,NA,NA,NA,NA,NA,-30,-22,-2,NA,0,1,8986,71241080,1,6,1,5,"USD",1.1858e+10,1.3161e+10,3035685791,3671925693,343886281.1,368508671.7,2596934329,2566399678,5881641221,6541028922,0,0,0.055984555984556
"Turkey",2010,17,67,-50,8,1,NA,NA,NA,NA,NA,-29,-21,-13,NA,1,1,10298,72137546,1,15,0,15,"USD",1.3161e+10,1.185e+10,3671925693,2915116106,368508671.7,343651898.6,2566399678,2310762767,6541028922,6280534699,0,0,0.0495274336283186
"Turkey",2011,16,69,-53,9,0,23,24,38,15,-1,-32,-14,-6,NA,0,1,10605,73058638,1,33,0,33,"USD",1.185e+10,1.1511e+10,2915116106,2440369264,343651898.6,425913503.6,2310762767,2198634572,6280534699,6446258432,0,0,0.0458991869918699
"Turkey",2012,25,58,-33,9,0,29,17,44,10,12,-26,-17,-1,NA,0,1,10419,73997128,1,141,0,141,"USD",1.1511e+10,1.0809e+10,2440369264,2215937688,425913503.6,356711920.5,2198634572,2021367550,6446258432,6226244431,0,0,NA
"Turkey",2013,21,68,-47,9,0,50,15,32,4,35,-37,-25,0,-28,0,1,10490,74932641,1,29,2,27,"USD",1.0809e+10,NA,2215937688,NA,356711920.5,NA,2021367550,NA,6226244431,NA,0,NA,NA
"Turkey",2014,20,71,-51,NA,NA,NA,NA,NA,NA,NA,-28,-6,16,-16,0,1,NA,NA,1,NA,NA,NA,NA,NA,NA,NA,NA,NA,NA,NA,NA,NA,NA,NA,NA,NA
"United Kingdom",2002,72,25,47,10,0,24,21,53,3,3,62,NA,56,NA,0,0,32816,59370479,1,2,0,2,"USD",5.1691e+10,4.8248e+10,12250882970,10903946500,465223404.1,434227958,18402170210,17803346280,20573212760,19106030150,5625899805,4897802101,0.00065
"United Kingdom",2003,55,38,17,10,0,25,26,40,9,-1,NA,NA,NA,NA,0,0,36881,59647577,1,0,0,0,"USD",4.8248e+10,4.8752e+10,10903946500,11115553070,434227958,877543663.2,17803346280,17355863560,19106030150,19403465440,4897802101,4699294243,0.000598689956331878
"United Kingdom",2004,54,37,17,10,0,28,28,34,10,0,NA,NA,48,-9,0,0,41776,59987905,1,0,0,0,"USD",4.8752e+10,5.4426e+10,11115553070,12572299160,877543663.2,217702150,17355863560,18994512590,19403465440,22641023600,4699294243,3560554147,0.000592340425531915
"United Kingdom",2005,53,41,12,10,0,NA,NA,NA,NA,NA,41,NA,41,-22,0,0,42138,60401206,1,9,0,9,"USD",5.4426e+10,5.5423e+10,12572299160,11860581480,217702150,1441005226,18994512590,19730686940,22641023600,22391004280,3560554147,3681017147,0.0005850622406639
"United Kingdom",2006,48,45,3,10,0,NA,NA,NA,NA,NA,39,NA,32,-38,0,0,43627,60846820,1,0,0,0,"USD",5.5423e+10,5.7887e+10,11860581480,13082364670,1441005226,1331391094,19730686940,21012824670,22391004280,22459988900,3681017147,3614758177,0.00056144578313253
"United Kingdom",2007,50,43,7,10,0,NA,NA,NA,NA,NA,49,NA,38,NA,0,0,48799,61322463,1,1,1,0,"USD",5.7887e+10,5.2048e+10,13082364670,11710735130,1331391094,1093001945,21012824670,20246559840,22459988900,18997414760,3614758177,2807567989,0.000552156862745098
"United Kingdom",2008,48,46,2,10,0,50,19,26,5,31,27,NA,43,-25,0,0,45735,61806995,1,1,1,0,"USD",5.2048e+10,4.6466e+10,11710735130,10176097150,1093001945,1022256335,20246559840,17843019670,18997414760,17424823890,2807567989,2175698950,0.000574409448818898
"United Kingdom",2009,64,30,34,10,0,NA,NA,NA,NA,NA,27,2,48,-3,0,0,38622,62276270,1,0,0,0,"USD",4.6466e+10,4.8176e+10,10176097150,11803105360,1022256335,770815043.8,17843019670,18451385110,17424823890,17198810670,2175698950,1940089141,0.000592592592592593
"United Kingdom",2010,74,21,53,10,0,NA,NA,NA,NA,NA,48,19,39,-15,0,0,38978,62766365,1,1,1,0,"USD",4.8176e+10,4.7243e+10,11803105360,10393449840,770815043.8,755887260.8,18451385110,18330266070,17198810670,17716107680,1940089141,1571230345,0.000553629032258065
"United Kingdom",2011,66,27,39,10,0,36,18,45,2,18,35,23,47,-11,0,0,40972,63258918,1,0,0,0,"USD",4.7243e+10,4.5829e+10,10393449840,8936686786,755887260.8,870754097.1,18330266070,18148348550,17716107680,17827544410,1571230345,1847054525,0.000516269841269841
"United Kingdom",2012,62,32,30,10,0,29,16,51,4,13,19,-3,49,-15,0,0,40124,63695687,1,2,2,0,"USD",4.5829e+10,4.5484e+10,8936686786,10506757910,870754097.1,1000643610,18148348550,18102552590,17827544410,15919330160,1847054525,0,0.00048695652173913
"United Kingdom",2013,65,27,38,10,0,28,18,53,2,10,29,6,45,-21,0,0,39954,64097085,1,3,0,3,"USD",4.5484e+10,NA,10506757910,NA,1000643610,NA,18102552590,NA,15919330160,NA,0,NA,0.000472868217054264
"United Kingdom",2014,65,29,36,NA,NA,NA,NA,NA,NA,NA,30,8,48,-23,0,0,NA,NA,1,NA,NA,NA,NA,NA,NA,NA,NA,NA,NA,NA,NA,NA,NA,NA,NA,NA
